Canonical ID,原始label,Occurrence,Papers,Cases,关联Polymer数,Top Polymer neighbors,Action,Target code,归并类别,English category
ENT_0fd0686915e5757d,polypropylene waste,4920,491,3561,17,polypropylene (PP) (4264); polyethylene (PE) (220); polystyrene (PS) (203); low-density polyethylene (LDPE) (116); high-density polyethylene (HDPE) (99); polyethylene terephthalate (PET) (58),MERGE,WP03,多聚合物混合废塑料,Mixed multi-polymer waste
ENT_97e9eff054ebdce8,LDPE,4855,393,4215,12,low-density polyethylene (LDPE) (4122); polyethylene (PE) (261); polypropylene (PP) (90); polyethylene terephthalate (PET) (77); high-density polyethylene (HDPE) (69); polystyrene (PS) (66),MERGE,WP03,多聚合物混合废塑料,Mixed multi-polymer waste
ENT_5183e577114ad51d,HDPE,3119,334,2583,13,high-density polyethylene (HDPE) (2529); polyethylene (PE) (166); polypropylene (PP) (80); low-density polyethylene (LDPE) (70); polystyrene (PS) (41); polyethylene terephthalate (PET) (35),MERGE,WP03,多聚合物混合废塑料,Mixed multi-polymer waste
ENT_87e9fb633d12df50,waste plastics,2662,561,1233,37,polypropylene (PP) (343); polyethylene (PE) (298); polystyrene (PS) (235); low-density polyethylene (LDPE) (186); polyvinyl chloride (PVC) (154); high-density polyethylene (HDPE) (153),DROP,,,过度泛化，无法支持有效分类分析
ENT_e839e65141796d76,polyethylene waste,2453,315,1983,14,polyethylene (PE) (2154); polypropylene (PP) (154); polystyrene (PS) (78); low-density polyethylene (LDPE) (38); high-density polyethylene (HDPE) (19); polyethylene terephthalate (PET) (18),MERGE,WP03,多聚合物混合废塑料,Mixed multi-polymer waste
ENT_38f242c46af9ea1c,polystyrene waste,1827,275,1277,13,polystyrene (PS) (1644); polypropylene (PP) (96); polyethylene (PE) (72); polyethylene terephthalate (PET) (58); high-density polyethylene (HDPE) (57); low-density polyethylene (LDPE) (24),MERGE,WP03,多聚合物混合废塑料,Mixed multi-polymer waste
ENT_0a8920de5e933cb3,polystyrene,1636,270,1230,15,polystyrene (PS) (1292); polypropylene (PP) (102); low-density polyethylene (LDPE) (59); polyethylene terephthalate (PET) (49); polyethylene (PE) (47); high-density polyethylene (HDPE) (38),MERGE,WP03,多聚合物混合废塑料,Mixed multi-polymer waste
ENT_f300f880617f6a6f,low-density polyethylene waste,1552,357,831,8,low-density polyethylene (LDPE) (1359); polyethylene (PE) (42); polystyrene (PS) (26); polypropylene (PP) (24); high-density polyethylene (HDPE) (19); polyethylene terephthalate (PET) (3),MERGE,WP03,多聚合物混合废塑料,Mixed multi-polymer waste
ENT_cf630cf16eacc515,HDPE waste,1547,287,1002,6,high-density polyethylene (HDPE) (1353); polystyrene (PS) (66); polyethylene terephthalate (PET) (28); polyethylene (PE) (23); polypropylene (PP) (22); low-density polyethylene (LDPE) (19),MERGE,WP03,多聚合物混合废塑料,Mixed multi-polymer waste
ENT_d30ff02bde2d4a87,polyethylene,1275,266,913,12,polyethylene (PE) (996); polypropylene (PP) (69); polystyrene (PS) (41); polyvinyl chloride (PVC) (23); polyethylene terephthalate (PET) (20); low-density polyethylene (LDPE) (5),MERGE,WP03,多聚合物混合废塑料,Mixed multi-polymer waste
ENT_d861af448c4c1589,PET,1269,190,981,16,polyethylene terephthalate (PET) (998); low-density polyethylene (LDPE) (76); polystyrene (PS) (50); polypropylene (PP) (43); high-density polyethylene (HDPE) (34); polyethylene (PE) (23),MERGE,WP03,多聚合物混合废塑料,Mixed multi-polymer waste
ENT_8a6e2562c99f9351,mixed plastic waste,969,175,697,16,polypropylene (PP) (184); polystyrene (PS) (166); polyethylene terephthalate (PET) (126); polyethylene (PE) (118); low-density polyethylene (LDPE) (102); high-density polyethylene (HDPE) (87),MERGE,WP11,袋/薄膜类废塑料,Bag/film plastic waste
ENT_5455421b7b0b4e98,PET waste,941,159,592,13,polyethylene terephthalate (PET) (829); polystyrene (PS) (58); high-density polyethylene (HDPE) (28); polypropylene (PP) (14); polyethylene (PE) (12); polyvinyl chloride (PVC) (7),MERGE,WP03,多聚合物混合废塑料,Mixed multi-polymer waste
ENT_d5131672c41ae0e3,PVC,759,140,531,13,polyvinyl chloride (PVC) (565); polypropylene (PP) (26); polyethylene (PE) (24); polystyrene (PS) (19); low-density polyethylene (LDPE) (15); polyethylene terephthalate (PET) (13),MERGE,WP03,多聚合物混合废塑料,Mixed multi-polymer waste
ENT_77bc211b85505784,mixed plastics,428,100,313,14,polypropylene (PP) (101); polystyrene (PS) (91); polyethylene (PE) (56); low-density polyethylene (LDPE) (49); high-density polyethylene (HDPE) (46); polyethylene terephthalate (PET) (44),MERGE,WP03,多聚合物混合废塑料,Mixed multi-polymer waste
ENT_5f777ec54dc85bc6,polypropylene plastic waste,368,60,269,3,polypropylene (PP) (339); high-density polyethylene (HDPE) (2); low-density polyethylene (LDPE) (1),MERGE,WP02,混合聚烯烃废塑料,Mixed polyolefin waste
ENT_c977e8245d038da4,LLDPE,315,47,239,7,linear low-density polyethylene (LLDPE) (277); polyethylene (PE) (5); polypropylene (PP) (4); low-density polyethylene (LDPE) (2); polyvinyl chloride (PVC) (2); high-density polyethylene (HDPE) (2),MERGE,WP03,多聚合物混合废塑料,Mixed multi-polymer waste
ENT_ae7ceb323d03f6de,municipal plastic waste,312,69,199,11,polypropylene (PP) (64); polystyrene (PS) (44); low-density polyethylene (LDPE) (37); polyvinyl chloride (PVC) (37); high-density polyethylene (HDPE) (36); polyethylene terephthalate (PET) (30),MERGE,WP04,城市生活/市政废塑料,Municipal plastic waste
ENT_2da850d50666d63a,polyvinyl chloride waste,253,116,73,11,polyvinyl chloride (PVC) (213); polyethylene (PE) (10); polypropylene (PP) (9); polystyrene (PS) (9); polyethylene terephthalate (PET) (7); polyolefins (2),MERGE,WP03,多聚合物混合废塑料,Mixed multi-polymer waste
ENT_bc3d49e8f3952c6f,polyolefin waste,247,99,93,10,polyolefins (78); polypropylene (PP) (27); polyethylene (PE) (21); high-density polyethylene (HDPE) (10); low-density polyethylene (LDPE) (7); polystyrene (PS) (4),MERGE,WP03,多聚合物混合废塑料,Mixed multi-polymer waste
ENT_cd2c515bca11f854,waste expanded polystyrene,234,24,191,2,polystyrene (PS) (212); high-density polyethylene (HDPE) (10),MERGE,WP21,泡沫/保温塑料废弃物,Foam/insulation plastic waste
ENT_82751a7e2f213400,post-consumer plastic waste,182,26,147,12,polyethylene (PE) (21); polypropylene (PP) (21); polyvinyl chloride (PVC) (10); polystyrene (PS) (9); high-density polyethylene (HDPE) (5); polyethylene terephthalate (PET) (4),MERGE,WP06,消费后废塑料,Post-consumer plastic waste
ENT_b57efae3c3f58c22,MPW,165,39,131,10,polypropylene (PP) (25); high-density polyethylene (HDPE) (14); low-density polyethylene (LDPE) (13); polyethylene (PE) (11); polyolefins (8); polystyrene (PS) (6),MERGE,WP02,混合聚烯烃废塑料,Mixed polyolefin waste
ENT_bc530d2db7a0481a,polyolefins,157,88,36,8,polyolefins (44); polypropylene (PP) (26); polyethylene (PE) (18); low-density polyethylene (LDPE) (11); high-density polyethylene (HDPE) (8); polystyrene (PS) (4),MERGE,WP03,多聚合物混合废塑料,Mixed multi-polymer waste
ENT_a53ef4865c1eff02,municipal mixed plastic waste,123,11,104,8,polypropylene (PP) (9); polystyrene (PS) (8); polyethylene (PE) (7); polyethylene terephthalate (PET) (7); polyvinyl chloride (PVC) (4); high-density polyethylene (HDPE) (2),MERGE,WP04,城市生活/市政废塑料,Municipal plastic waste
ENT_ea1ae02083c409df,metallised food packaging plastics,112,4,95,4,polyethylene terephthalate (PET) (14); ethylene-vinyl acetate (EVA) (13); low-density polyethylene (LDPE) (11); polypropylene (PP) (3),MERGE,WP32,多层/复合/金属化塑料,Multilayer/composite/metallised plastic
ENT_4ec018e711cc0a7c,ABS waste plastics,111,5,91,1,acrylonitrile-butadiene-styrene (ABS) (93),MERGE,WP01,单一聚合物废塑料样品,Single-polymer waste plastic
ENT_e021403e33ecc050,waste computer casing plastic,109,3,92,4,acrylonitrile-butadiene-styrene (ABS) (13); polystyrene (PS) (12); polycarbonate (PC) (9); nitrile rubber (NBR) (1),MERGE,WP14,电脑/电视/电子壳体塑料,Computer/TV/electronic casing plastic
ENT_ba173b09da8b152b,expanded polystyrene,103,15,85,1,polystyrene (PS) (89),MERGE,WP21,泡沫/保温塑料废弃物,Foam/insulation plastic waste
ENT_bb2f019993595ff5,plastic mixture,103,30,85,9,polypropylene (PP) (28); polystyrene (PS) (22); polyethylene terephthalate (PET) (22); polyethylene (PE) (19); polyvinyl chloride (PVC) (14); high-density polyethylene (HDPE) (13),MERGE,WP03,多聚合物混合废塑料,Mixed multi-polymer waste
ENT_dc40fae8483b9cd4,polycarbonate waste,103,23,72,9,polycarbonate (PC) (98); polystyrene (PS) (2); polyvinyl chloride (PVC) (1); polyethylene (PE) (1); polypropylene (PP) (1); polyethylene terephthalate (PET) (1),MERGE,WP03,多聚合物混合废塑料,Mixed multi-polymer waste
ENT_628a5568d4cb974f,LLDPE waste,98,22,60,1,linear low-density polyethylene (LLDPE) (79),MERGE,WP01,单一聚合物废塑料样品,Single-polymer waste plastic
ENT_85bf01288d686c65,WEEE-derived plastics,95,16,66,14,polystyrene (PS) (14); polyvinyl chloride (PVC) (11); acrylonitrile-butadiene-styrene (ABS) (11); polycarbonate (PC) (9); polypropylene (PP) (9); polyethylene (PE) (5),MERGE,WP13,WEEE/电子电器废塑料,WEEE/electronic plastic waste
ENT_d960278ca69c8476,household mixed plastic waste,87,1,81,10,polyethylene (PE) (8); polypropylene (PP) (8); polyethylene terephthalate (PET) (8); polyvinyl chloride (PVC) (7); polystyrene (PS) (5); high-density polyethylene (HDPE) (3),MERGE,WP05,家庭/居民废塑料,Household/residential plastic waste
ENT_02cf14d7050b110a,PLA,86,28,51,7,polylactic acid (PLA) (70); polyethylene terephthalate (PET) (3); polyvinyl chloride (PVC) (1); polystyrene (PS) (1); polyamide (PA) (1); high-density polyethylene (HDPE) (1),MERGE,WP03,多聚合物混合废塑料,Mixed multi-polymer waste
ENT_cbcde97aa92901db,base plastics mixture,85,2,78,5,polystyrene (PS) (35); high-density polyethylene (HDPE) (34); polyethylene terephthalate (PET) (34); polypropylene (PP) (1); low-density polyethylene (LDPE) (1),MERGE,WP03,多聚合物混合废塑料,Mixed multi-polymer waste
ENT_57c99123df22de59,municipal polymer waste,84,18,59,7,polyethylene (PE) (14); polypropylene (PP) (12); polystyrene (PS) (11); polyvinyl chloride (PVC) (6); low-density polyethylene (LDPE) (5); high-density polyethylene (HDPE) (5),MERGE,WP04,城市生活/市政废塑料,Municipal plastic waste
ENT_f2f7e3ccd9c438c1,waste tires,79,23,46,5,natural rubber (4); styrene-butadiene rubber (SBR) (4); polybutadiene (BR) (3); high-density polyethylene (HDPE) (1); polycarbonate (PC) (1),DROP,,,轮胎/橡胶原料，不属于WastePlastic
ENT_bd76531945225273,polyolefin mixture,76,14,61,9,polypropylene (PP) (17); low-density polyethylene (LDPE) (16); high-density polyethylene (HDPE) (16); polyolefins (11); polyethylene terephthalate (PET) (3); polystyrene (PS) (3),MERGE,WP02,混合聚烯烃废塑料,Mixed polyolefin waste
ENT_8e5e59ed9650ff70,waste polystyrene plastics,74,33,26,1,polystyrene (PS) (64),MERGE,WP01,单一聚合物废塑料样品,Single-polymer waste plastic
ENT_520ca26cad2fc2f8,banner waste,73,1,65,1,polyester (14),MERGE,WP24,日用品/消费品塑料废弃物,Consumer-product plastic waste
ENT_ff468635d536452e,waste plastics packaging,73,21,37,12,polypropylene (PP) (13); polyethylene (PE) (9); polyethylene terephthalate (PET) (8); polystyrene (PS) (7); polyvinyl chloride (PVC) (7); polyolefins (6),MERGE,WP08,包装废塑料,Packaging plastic waste
ENT_a4279e2215847779,PE plastic waste,72,28,43,2,polyethylene (PE) (55); low-density polyethylene (LDPE) (8),MERGE,WP02,混合聚烯烃废塑料,Mixed polyolefin waste
ENT_583a24fb35f426d4,polystyrene waste foam,72,10,54,1,polystyrene (PS) (64),MERGE,WP21,泡沫/保温塑料废弃物,Foam/insulation plastic waste
ENT_ec22078ab942bf42,waste PET flakes,72,1,64,1,polyethylene terephthalate (PET) (70),MERGE,WP31,颗粒/粉末/片料/碎料,Pellet/powder/flake/shredded plastic
ENT_6d6849b04d1e7171,mask waste,68,9,49,8,polyolefins (17); polypropylene (PP) (12); polyethylene (PE) (5); polyamide (PA) (2); polyamide 6 (PA6) (2); polyurethane (PU) (1),MERGE,WP16,医疗/PPE废塑料,Medical/PPE plastic waste
ENT_b66f09d3a7f0f2c0,waste plastic pyrolysis oil,68,10,55,4,polyvinyl chloride (PVC) (1); polyethylene (PE) (1); polypropylene (PP) (1); polyethylene terephthalate (PET) (1),DROP,,,油/蜡/衍生液体，不属于WastePlastic
ENT_1f4b2d14ad1947a1,ABS,64,23,42,7,acrylonitrile-butadiene-styrene (ABS) (36); polypropylene (PP) (3); polystyrene (PS) (3); low-density polyethylene (LDPE) (2); polyethylene terephthalate (PET) (1); polyacrylonitrile (PAN) (1),MERGE,WP03,多聚合物混合废塑料,Mixed multi-polymer waste
ENT_6c0ae4e9de436dcc,PE/PP polymer waste,62,1,58,2,polyethylene (PE) (18); polypropylene (PP) (18),MERGE,WP02,混合聚烯烃废塑料,Mixed polyolefin waste
ENT_d5be15125f748722,plastics,61,44,29,3,low-density polyethylene (LDPE) (3); polystyrene (PS) (1); polypropylene (PP) (1),DROP,,,过度泛化，无法支持有效分类分析
ENT_eb80424f8ae1ca6c,plastic solid waste,60,20,30,8,polypropylene (PP) (9); polyvinyl chloride (PVC) (8); polystyrene (PS) (8); polyethylene terephthalate (PET) (6); polyethylene (PE) (5); high-density polyethylene (HDPE) (4),DROP,,,过度泛化，无法支持有效分类分析
ENT_86d8f1e2389ad20f,PPI,59,2,56,3,polypropylene (PP) (6); phenolic resin (1); high-density polyethylene (HDPE) (1),MERGE,WP03,多聚合物混合废塑料,Mixed multi-polymer waste
ENT_b603beaafd663067,postconsumer polymer mixture (PE/PP),58,1,57,2,polyethylene (PE) (34); polypropylene (PP) (34),MERGE,WP06,消费后废塑料,Post-consumer plastic waste
ENT_68219c1581d46afb,PE/PP mixture,57,7,47,2,polyethylene (PE) (42); polypropylene (PP) (42),MERGE,WP02,混合聚烯烃废塑料,Mixed polyolefin waste
ENT_29442457a83df702,waste plastic mixture,57,20,39,11,polypropylene (PP) (14); polystyrene (PS) (13); polyethylene (PE) (8); polyethylene terephthalate (PET) (5); low-density polyethylene (LDPE) (2); high-density polyethylene (HDPE) (2),MERGE,WP03,多聚合物混合废塑料,Mixed multi-polymer waste
ENT_766cc127f9ad14b3,polycarbonate,56,24,38,4,polycarbonate (PC) (46); acrylonitrile-butadiene-styrene (ABS) (2); polyethylene (PE) (2); butyl rubber (IIR) (2),MERGE,WP03,多聚合物混合废塑料,Mixed multi-polymer waste
ENT_f115c4cb166d026e,LDPE plastic,55,14,42,3,low-density polyethylene (LDPE) (45); polyethylene (PE) (1); high-density polyethylene (HDPE) (1),MERGE,WP02,混合聚烯烃废塑料,Mixed polyolefin waste
ENT_ecc59b2b1cf20fae,waste agricultural film,55,5,42,1,polyethylene (PE) (38),MERGE,WP12,农业膜/农业废塑料,Agricultural plastic waste
ENT_952a4278a0076b70,commingled waste plastic,54,7,40,6,polyethylene (PE) (4); polypropylene (PP) (3); polystyrene (PS) (2); polyvinyl chloride (PVC) (2); polyethylene terephthalate (PET) (1); high-density polyethylene (HDPE) (1),MERGE,WP03,多聚合物混合废塑料,Mixed multi-polymer waste
ENT_20ece8e7758b267d,medical plastic waste,54,7,29,8,polyvinyl chloride (PVC) (9); high-density polyethylene (HDPE) (4); low-density polyethylene (LDPE) (4); polyethylene (PE) (3); polystyrene (PS) (3); polyethylene terephthalate (PET) (2),MERGE,WP16,医疗/PPE废塑料,Medical/PPE plastic waste
ENT_454fde8c55aa0fdb,HIPS,53,22,37,5,polystyrene (PS) (34); polybutadiene (BR) (3); polypropylene (PP) (1); high-density polyethylene (HDPE) (1); low-density polyethylene (LDPE) (1),MERGE,WP03,多聚合物混合废塑料,Mixed multi-polymer waste
ENT_a25470ee118fa160,post-consumer commingled waste plastics (WPs#4),52,7,45,6,polypropylene (PP) (5); polyethylene (PE) (3); high-density polyethylene (HDPE) (3); low-density polyethylene (LDPE) (2); polyolefins (1); polyvinyl chloride (PVC) (1),MERGE,WP06,消费后废塑料,Post-consumer plastic waste
ENT_a0658111163d5285,waste polyethylene wax,52,3,43,1,polyethylene (PE) (34),DROP,,,油/蜡/衍生液体，不属于WastePlastic
ENT_a778bf1a98475955,plastic film waste,51,9,38,6,polyethylene (PE) (4); polypropylene (PP) (3); polystyrene (PS) (3); low-density polyethylene (LDPE) (3); ethylene-vinyl acetate (EVA) (2); polyolefins (1),MERGE,WP11,袋/薄膜类废塑料,Bag/film plastic waste
ENT_58c591b7177b7e34,end of life vehicle plastics waste,48,4,44,0,,MERGE,WP15,汽车/报废车辆废塑料,Automotive/ELV plastic waste
ENT_fdc9d4e5b9c86c13,waste thermocol,48,1,38,2,polystyrene (PS) (38); high-density polyethylene (HDPE) (7),MERGE,WP21,泡沫/保温塑料废弃物,Foam/insulation plastic waste
ENT_f3bee2bd846cc8ab,automotive plastic waste,47,3,36,7,polypropylene (PP) (3); acrylonitrile-butadiene-styrene (ABS) (2); high-density polyethylene (HDPE) (2); low-density polyethylene (LDPE) (2); polystyrene (PS) (2); polyethylene (PE) (1),MERGE,WP15,汽车/报废车辆废塑料,Automotive/ELV plastic waste
ENT_879b510a7249375a,BL,45,2,43,4,polypropylene (PP) (1); phenolic resin (1); high-density polyethylene (HDPE) (1); polyethylene (PE) (1),MERGE,WP03,多聚合物混合废塑料,Mixed multi-polymer waste
ENT_b847af83a21423b4,commingled plastics,45,3,35,2,high-density polyethylene (HDPE) (10); polypropylene (PP) (9),MERGE,WP02,混合聚烯烃废塑料,Mixed polyolefin waste
ENT_fc91cec84f00f054,polyethylene film,44,5,36,2,polyethylene (PE) (31); polypropylene (PP) (1),MERGE,WP11,袋/薄膜类废塑料,Bag/film plastic waste
ENT_243d13405fd1e9ec,waste packaging polyethylene,44,2,40,1,polyethylene (PE) (43),MERGE,WP08,包装废塑料,Packaging plastic waste
ENT_83a7748e682bf1a3,waste polyethylene terephthalate granules,44,2,39,1,polyethylene terephthalate (PET) (42),MERGE,WP31,颗粒/粉末/片料/碎料,Pellet/powder/flake/shredded plastic
ENT_abbb3e20dc4c9c62,PSW,42,7,39,1,polystyrene (PS) (7),MERGE,WP01,单一聚合物废塑料样品,Single-polymer waste plastic
ENT_03751a6330e2b8e0,marine plastic litter,41,3,29,13,polypropylene (PP) (10); polyethylene (PE) (9); polystyrene (PS) (6); polyethylene terephthalate (PET) (4); polyvinyl chloride (PVC) (4); polyamide (PA) (4),MERGE,WP17,海洋/海滩塑料垃圾,Marine/beach plastic litter
ENT_8b12134997b07af6,municipal solid waste,41,21,24,8,low-density polyethylene (LDPE) (7); polypropylene (PP) (3); polystyrene (PS) (3); polyethylene terephthalate (PET) (3); polyethylene (PE) (2); polyvinyl chloride (PVC) (2),MERGE,WP03,多聚合物混合废塑料,Mixed multi-polymer waste
ENT_e7ade8f3468e6584,tarpaulin waste,41,1,34,5,polyolefins (6); polyvinyl chloride (PVC) (3); polyethylene (PE) (2); polyethylene terephthalate (PET) (2); polypropylene (PP) (2),MERGE,WP19,建筑/工程塑料废弃物,Construction/engineering plastic waste
ENT_6d7688d72d309943,PP/EPDM,40,1,35,2,ethylene-propylene-diene rubber (EPDM) (7); polypropylene (PP) (7),MERGE,WP03,多聚合物混合废塑料,Mixed multi-polymer waste
ENT_489907d2d9d9264d,fishing net waste,40,1,34,2,polyethylene (PE) (16); high-density polyethylene (HDPE) (10),MERGE,WP18,渔业/渔网塑料废弃物,Fishery/net plastic waste
ENT_78140741d55758fc,polyethylene film waste,39,5,32,1,polyethylene (PE) (37),MERGE,WP11,袋/薄膜类废塑料,Bag/film plastic waste
ENT_a7482868fa8f48e2,C/LDPE,37,1,31,1,low-density polyethylene (LDPE) (19),MERGE,WP01,单一聚合物废塑料样品,Single-polymer waste plastic
ENT_ba7b20fe9e5dcad1,PPX,37,2,34,2,polypropylene (PP) (5); high-density polyethylene (HDPE) (1),MERGE,WP02,混合聚烯烃废塑料,Mixed polyolefin waste
ENT_53b15f7a910411d8,PRW,37,1,33,2,polycarbonate (PC) (1); photosensitive resin (1),MERGE,WP03,多聚合物混合废塑料,Mixed multi-polymer waste
ENT_ec8f44fcb6f59d83,recycled polypropylene,37,6,27,1,polypropylene (PP) (34),MERGE,WP30,回收/再生/返工塑料,Recycled/reworked plastic
ENT_3889440f44385bc1,agricultural plastic waste,36,8,14,5,polyethylene (PE) (17); low-density polyethylene (LDPE) (3); polyvinyl chloride (PVC) (1); polypropylene (PP) (1); polystyrene (PS) (1),MERGE,WP12,农业膜/农业废塑料,Agricultural plastic waste
ENT_02f946bb86a405bd,marine waste polypropylene,36,2,32,1,polypropylene (PP) (32),MERGE,WP17,海洋/海滩塑料垃圾,Marine/beach plastic litter
ENT_d0a4129e39fee812,postconsumer LLDPE,36,1,29,1,linear low-density polyethylene (LLDPE) (32),MERGE,WP06,消费后废塑料,Post-consumer plastic waste
ENT_5a3ea30d79809f2a,LGE,35,1,27,6,polyvinyl chloride (PVC) (4); acrylonitrile-butadiene-styrene (ABS) (3); polystyrene (PS) (3); polypropylene (PP) (3); polyethylene (PE) (3); polyethylene terephthalate (PET) (3),MERGE,WP03,多聚合物混合废塑料,Mixed multi-polymer waste
ENT_65017f7f81c27945,PW,35,6,30,1,polyethylene (PE) (1),MERGE,WP01,单一聚合物废塑料样品,Single-polymer waste plastic
ENT_53c8916d29ebdb6a,ground film plastics,35,1,31,2,low-density polyethylene (LDPE) (29); polyethylene (PE) (3),MERGE,WP12,农业膜/农业废塑料,Agricultural plastic waste
ENT_3449836e189eab2c,polyurethane,35,19,13,2,polyurethane (PU) (28); polyethylene (PE) (1),MERGE,WP03,多聚合物混合废塑料,Mixed multi-polymer waste
ENT_6897dee0890e66e5,AGR,34,4,25,3,polyethylene (PE) (10); low-density polyethylene (LDPE) (5); ethylene-vinyl acetate (EVA) (3),MERGE,WP12,农业膜/农业废塑料,Agricultural plastic waste
ENT_ed130fd9746b7824,PCLW,34,1,31,1,polycaprolactone (PCL) (14),MERGE,WP01,单一聚合物废塑料样品,Single-polymer waste plastic
ENT_3979f9764c88cd85,industrial plastic waste,34,14,22,6,polyethylene (PE) (5); polypropylene (PP) (2); polyolefins (2); polyvinyl chloride (PVC) (1); polystyrene (PS) (1); polyurethane (PU) (1),MERGE,WP07,工业废塑料/生产废料,Industrial plastic waste
ENT_930608796fe2290d,landfill liner plastic waste,34,2,25,2,polyethylene (PE) (15); polyolefins (3),MERGE,WP19,建筑/工程塑料废弃物,Construction/engineering plastic waste
ENT_bf0cf752f03f467b,post-consumer polyolefin waste,34,4,26,8,polyethylene (PE) (8); polyolefins (5); polypropylene (PP) (3); high-density polyethylene (HDPE) (1); polyvinyl chloride (PVC) (1); polystyrene (PS) (1),MERGE,WP06,消费后废塑料,Post-consumer plastic waste
ENT_91b9badd06d51d36,SRF,33,1,24,6,polypropylene (PP) (4); polyethylene (PE) (4); polyethylene terephthalate (PET) (4); polystyrene (PS) (3); high-density polyethylene (HDPE) (1); polyvinyl chloride (PVC) (1),MERGE,WP29,RDF/SRF/分选残余塑料,RDF/SRF/sorting-residue plastics
ENT_c386ec18585dd9a9,waste plastic oil,33,8,27,0,,DROP,,,油/蜡/衍生液体，不属于WastePlastic
ENT_b7ed9b3ed4b4ffb0,PS plastic,32,15,20,1,polystyrene (PS) (23),MERGE,WP01,单一聚合物废塑料样品,Single-polymer waste plastic
ENT_512a70be0fcc6a3c,chlorine-containing mixed waste plastics,32,2,29,4,polyvinyl chloride (PVC) (15); polyethylene (PE) (6); polypropylene (PP) (6); polystyrene (PS) (6),MERGE,WP26,含氯/卤素废塑料,Chlorine/halogen-containing plastic waste
ENT_c680848bd3a2684c,waste plastic straws,32,2,27,1,polypropylene (PP) (2),MERGE,WP23,一次性塑料制品,Single-use plastic products
ENT_c915e8d5edeeb424,microplastic waste,31,3,24,2,polyethylene terephthalate (PET) (1); polyvinyl chloride (PVC) (1),MERGE,WP28,微塑料/塑料碎片,Microplastic/plastic fragments
ENT_a317535c315d9f66,PC,30,19,16,5,polycarbonate (PC) (18); polystyrene (PS) (2); low-density polyethylene (LDPE) (2); polypropylene (PP) (2); high-density polyethylene (HDPE) (1),MERGE,WP03,多聚合物混合废塑料,Mixed multi-polymer waste
ENT_9abe2b148f377add,RDF,30,4,23,6,polyolefins (2); polyethylene terephthalate (PET) (2); polyvinyl chloride (PVC) (2); polyethylene (PE) (1); polypropylene (PP) (1); polystyrene (PS) (1),MERGE,WP29,RDF/SRF/分选残余塑料,RDF/SRF/sorting-residue plastics
ENT_0b2d035f31fed740,waste polymers,30,10,21,2,high-density polyethylene (HDPE) (15); polystyrene (PS) (15),DROP,,,过度泛化，无法支持有效分类分析
ENT_cce20aed43c817d2,MGE,29,1,21,6,polyethylene terephthalate (PET) (4); acrylonitrile-butadiene-styrene (ABS) (3); polyvinyl chloride (PVC) (3); polystyrene (PS) (3); polypropylene (PP) (3); polyethylene (PE) (3),MERGE,WP03,多聚合物混合废塑料,Mixed multi-polymer waste
ENT_dd93a2fe98f6b6d1,nylon button,29,1,23,1,polyamide (PA) (27),MERGE,WP01,单一聚合物废塑料样品,Single-polymer waste plastic
ENT_7af1e9844fc561b2,polypropylene face masks,29,4,27,3,polypropylene (PP) (29); high-density polyethylene (HDPE) (2); low-density polyethylene (LDPE) (2),MERGE,WP16,医疗/PPE废塑料,Medical/PPE plastic waste
ENT_b07f8e972b1cab39,PE+PP,28,11,24,2,polyethylene (PE) (22); polypropylene (PP) (22),MERGE,WP02,混合聚烯烃废塑料,Mixed polyolefin waste
ENT_279b1fe6ed6b72b3,polyester button,28,1,22,1,polyester (26),MERGE,WP01,单一聚合物废塑料样品,Single-polymer waste plastic
ENT_4331f82c4a24adbf,reworked polypropylene plastics,28,1,21,1,polypropylene (PP) (25),MERGE,WP30,回收/再生/返工塑料,Recycled/reworked plastic
ENT_2a67248a450dcd27,waste polyethylene heavy residue,28,1,27,1,polyethylene (PE) (8),MERGE,WP01,单一聚合物废塑料样品,Single-polymer waste plastic
ENT_0d6f911a8e92044f,URB,27,2,17,3,polyethylene (PE) (6); high-density polyethylene (HDPE) (5); polyvinyl chloride (PVC) (1),MERGE,WP03,多聚合物混合废塑料,Mixed multi-polymer waste
ENT_b3f38eed1eaed60e,Br-HIPS,26,5,22,4,polystyrene (PS) (14); polyvinyl chloride (PVC) (1); acrylonitrile-butadiene-styrene (ABS) (1); polypropylene (PP) (1),MERGE,WP25,阻燃/含溴废塑料,Flame-retarded/brominated plastic waste
ENT_946d42790b4e6eb8,PFR,26,2,19,4,polyethylene (PE) (13); phenolic resin (1); polypropylene (PP) (1); polyethylene terephthalate (PET) (1),MERGE,WP03,多聚合物混合废塑料,Mixed multi-polymer waste
ENT_549f264a1320daf6,PP/PVC/PE/ABS/PS blend,26,1,23,5,polypropylene (PP) (20); polyvinyl chloride (PVC) (20); polyethylene (PE) (20); acrylonitrile-butadiene-styrene (ABS) (20); polystyrene (PS) (20),MERGE,WP03,多聚合物混合废塑料,Mixed multi-polymer waste
ENT_2fbb9e813c26ee44,Br-ABS,25,2,21,2,acrylonitrile-butadiene-styrene (ABS) (13); polystyrene (PS) (1),MERGE,WP25,阻燃/含溴废塑料,Flame-retarded/brominated plastic waste
ENT_20df6a0a44a67d81,WP,25,3,16,5,high-density polyethylene (HDPE) (5); polyethylene (PE) (2); low-density polyethylene (LDPE) (1); polystyrene (PS) (1); polyethylene terephthalate (PET) (1),MERGE,WP03,多聚合物混合废塑料,Mixed multi-polymer waste
ENT_778facc0321bef35,Waste ABS TV casing,25,1,22,1,acrylonitrile-butadiene-styrene (ABS) (24),MERGE,WP14,电脑/电视/电子壳体塑料,Computer/TV/electronic casing plastic
ENT_671865f688aeca41,model LDPE,25,3,22,1,low-density polyethylene (LDPE) (24),MERGE,WP34,实验/模型塑料样品,Experimental/model plastic sample
ENT_cd30bb9cdfc1a392,plastic bags,25,17,14,5,polyethylene (PE) (7); low-density polyethylene (LDPE) (3); high-density polyethylene (HDPE) (1); polypropylene (PP) (1); ultra-high-molecular-weight polyethylene (UHMWPE) (1),MERGE,WP11,袋/薄膜类废塑料,Bag/film plastic waste
ENT_a48658100dc9245a,PMMA,24,11,12,3,poly(methyl methacrylate) (PMMA) (19); polypropylene (PP) (1); polystyrene (PS) (1),MERGE,WP03,多聚合物混合废塑料,Mixed multi-polymer waste
ENT_1aa8703908ff2384,PP/PVC/PE blend,24,1,21,3,polypropylene (PP) (15); polyvinyl chloride (PVC) (15); polyethylene (PE) (15),MERGE,WP03,多聚合物混合废塑料,Mixed multi-polymer waste
ENT_35d32b70a3f75086,W1,24,1,23,1,polyethylene (PE) (1),MERGE,WP01,单一聚合物废塑料样品,Single-polymer waste plastic
ENT_075e4fc44384dc16,cross-linked polyethylene plastic residue,24,1,18,1,polyethylene (PE) (23),MERGE,WP01,单一聚合物废塑料样品,Single-polymer waste plastic
ENT_b359891c3e1520de,grocery bag,24,8,15,3,low-density polyethylene (LDPE) (7); polyethylene (PE) (3); high-density polyethylene (HDPE) (2),MERGE,WP11,袋/薄膜类废塑料,Bag/film plastic waste
ENT_9fe247c684739c40,ocean plastic waste,24,3,14,7,polypropylene (PP) (9); polyethylene (PE) (8); high-density polyethylene (HDPE) (1); polystyrene (PS) (1); polyvinyl chloride (PVC) (1); polyethylene terephthalate (PET) (1),MERGE,WP17,海洋/海滩塑料垃圾,Marine/beach plastic litter
ENT_6221acb4b19dcb8e,waste HD-PE,24,2,18,1,high-density polyethylene (HDPE) (22),MERGE,WP01,单一聚合物废塑料样品,Single-polymer waste plastic
ENT_1aad7d95b39e580b,"PE, PP, PS, PET, PVC",23,5,23,5,polyethylene (PE) (1); polypropylene (PP) (1); polystyrene (PS) (1); polyethylene terephthalate (PET) (1); polyvinyl chloride (PVC) (1),MERGE,WP02,混合聚烯烃废塑料,Mixed polyolefin waste
ENT_51c93d6d784b41bd,WHDPE,23,3,21,4,high-density polyethylene (HDPE) (8); polystyrene (PS) (4); polypropylene (PP) (1); low-density polyethylene (LDPE) (1),MERGE,WP03,多聚合物混合废塑料,Mixed multi-polymer waste
ENT_daf81caa2f2ae62c,acrylonitrile butadiene styrene,23,10,12,2,acrylonitrile-butadiene-styrene (ABS) (18); polycarbonate (PC) (2),MERGE,WP03,多聚合物混合废塑料,Mixed multi-polymer waste
ENT_237858d3d35f17e4,high impact polystyrene (HIPS),23,8,18,1,polystyrene (PS) (18),MERGE,WP01,单一聚合物废塑料样品,Single-polymer waste plastic
ENT_34f1ec92a5b1d512,surgical face mask,23,4,13,11,polypropylene (PP) (11); polyurethane (PU) (3); polyamide (PA) (2); polyethylene (PE) (1); polystyrene (PS) (1); polycarbonate (PC) (1),MERGE,WP16,医疗/PPE废塑料,Medical/PPE plastic waste
ENT_738b3e54001f9e0d,unwashed DKR-350,23,1,20,0,,MERGE,WP29,RDF/SRF/分选残余塑料,RDF/SRF/sorting-residue plastics
ENT_d33f00b6b93ce235,E/P,22,1,18,3,ethylene-propylene copolymer (EPR) (5); polyethylene (PE) (1); polypropylene (PP) (1),MERGE,WP03,多聚合物混合废塑料,Mixed multi-polymer waste
ENT_93217e09ba8ea013,HDPE plastic,22,11,7,2,high-density polyethylene (HDPE) (16); low-density polyethylene (LDPE) (1),MERGE,WP02,混合聚烯烃废塑料,Mixed polyolefin waste
ENT_0eb3ff8df40e2d5e,PO-poor stream,22,1,19,2,polystyrene (PS) (1); polyethylene terephthalate (PET) (1),MERGE,WP03,多聚合物混合废塑料,Mixed multi-polymer waste
ENT_78f81805ba8c9c89,multi-layered plastic waste,22,2,19,8,polyethylene terephthalate (PET) (3); polyethylene (PE) (2); polypropylene (PP) (2); polyamide (PA) (2); ethylene-vinyl alcohol (EVOH) (2); polystyrene (PS) (1),MERGE,WP32,多层/复合/金属化塑料,Multilayer/composite/metallised plastic
ENT_42736e5aa047fb81,polylactic acid waste,22,11,7,8,polylactic acid (PLA) (20); polyvinyl chloride (PVC) (1); polyethylene (PE) (1); polypropylene (PP) (1); polyethylene terephthalate (PET) (1); polystyrene (PS) (1),MERGE,WP03,多聚合物混合废塑料,Mixed multi-polymer waste
ENT_eb957496f662e7e6,pre-treated WEEE plastic,22,2,19,0,,MERGE,WP13,WEEE/电子电器废塑料,WEEE/electronic plastic waste
ENT_8c889b189f09f692,BOPP/MET,21,4,16,1,polypropylene (PP) (9),MERGE,WP01,单一聚合物废塑料样品,Single-polymer waste plastic
ENT_6f92f2d728489bc8,HDPE grocery bag,21,9,14,4,high-density polyethylene (HDPE) (14); low-density polyethylene (LDPE) (2); polypropylene (PP) (2); polyethylene (PE) (1),MERGE,WP11,袋/薄膜类废塑料,Bag/film plastic waste
ENT_82d25ce90f0d6b24,PE/PP/PS mixture,21,9,14,3,polypropylene (PP) (12); polyethylene (PE) (12); polystyrene (PS) (12),MERGE,WP02,混合聚烯烃废塑料,Mixed polyolefin waste
ENT_a08a41dab48d3a49,PMix,21,1,16,5,polyethylene (PE) (4); polypropylene (PP) (4); polystyrene (PS) (4); high-density polyethylene (HDPE) (4); low-density polyethylene (LDPE) (1),MERGE,WP03,多聚合物混合废塑料,Mixed multi-polymer waste
ENT_71a0b113af2dcf7a,WPs,21,4,17,4,polypropylene (PP) (3); low-density polyethylene (LDPE) (3); polystyrene (PS) (3); high-density polyethylene (HDPE) (1),MERGE,WP03,多聚合物混合废塑料,Mixed multi-polymer waste
ENT_1c237a7d8f1f87f6,polyurethane waste,21,17,5,8,polyurethane (PU) (15); polyvinyl chloride (PVC) (1); polyethylene (PE) (1); polypropylene (PP) (1); polyethylene terephthalate (PET) (1); polystyrene (PS) (1),MERGE,WP03,多聚合物混合废塑料,Mixed multi-polymer waste
ENT_6d3092a4bb5832c2,real waste plastics from end of life vehicle,21,1,20,0,,MERGE,WP15,汽车/报废车辆废塑料,Automotive/ELV plastic waste
ENT_3e38ae9dbc698d08,waste phenolic fibre-reinforced plastic,21,1,15,1,phenolic resin (13),MERGE,WP20,纺织/纤维/地毯塑料废弃物,Textile/fibre/carpet plastic waste
ENT_5d350ea6423252fb,MPO,20,2,16,5,polyolefins (4); polypropylene (PP) (1); polyethylene terephthalate (PET) (1); polystyrene (PS) (1); polyamide (PA) (1),MERGE,WP03,多聚合物混合废塑料,Mixed multi-polymer waste
ENT_9fcda22ab8f79666,PC waste,20,8,12,4,polycarbonate (PC) (10); polystyrene (PS) (1); low-density polyethylene (LDPE) (1); polypropylene (PP) (1),MERGE,WP03,多聚合物混合废塑料,Mixed multi-polymer waste
ENT_d70b367d551dd5a4,POC,20,1,18,2,poly(methyl methacrylate) (PMMA) (3); ethylene-vinyl acetate (EVA) (3),MERGE,WP03,多聚合物混合废塑料,Mixed multi-polymer waste
ENT_f8efffb106bb4a2d,WEPS,20,3,17,2,polystyrene (PS) (5); high-density polyethylene (HDPE) (3),MERGE,WP03,多聚合物混合废塑料,Mixed multi-polymer waste
ENT_4a98babc2af53b68,flexible plastic film,20,1,15,4,polyethylene terephthalate (PET) (1); polyethylene (PE) (1); polypropylene (PP) (1); polyamide (PA) (1),MERGE,WP11,袋/薄膜类废塑料,Bag/film plastic waste
ENT_4b7fc1406d5e543f,landfill waste plastic,20,3,16,3,low-density polyethylene (LDPE) (2); polypropylene (PP) (1); high-density polyethylene (HDPE) (1),MERGE,WP33,填埋/垃圾场塑料残余,Landfill/dumpsite plastic residue
ENT_e6a401327358a66c,polystyrene-butadiene,20,2,17,2,polystyrene (PS) (4); polybutadiene (BR) (4),MERGE,WP03,多聚合物混合废塑料,Mixed multi-polymer waste
ENT_8d29eb7f1dfa2330,postconsumer plastic mixture,20,3,17,4,polyethylene (PE) (12); polypropylene (PP) (12); polystyrene (PS) (12); polyvinyl chloride (PVC) (12),MERGE,WP06,消费后废塑料,Post-consumer plastic waste
ENT_130991d7bb051ddc,rigid plastic,20,1,15,0,,MERGE,WP01,单一聚合物废塑料样品,Single-polymer waste plastic
ENT_045e097f0d857786,used biodegradable straws,20,1,16,3,polylactic acid (PLA) (11); polybutylene adipate terephthalate (PBAT) (3); polybutylene succinate adipate (PBSA) (3),MERGE,WP23,一次性塑料制品,Single-use plastic products
ENT_cd213d40c515b244,virgin LDPE,20,10,8,1,low-density polyethylene (LDPE) (16),MERGE,WP01,单一聚合物废塑料样品,Single-polymer waste plastic
ENT_db0f8bb512a8c209,waste plastics pyrolysis oil residue,20,2,17,0,,DROP,,,油/蜡/衍生液体，不属于WastePlastic
ENT_16a071895eee403b,FPD waste,19,1,15,3,acrylonitrile-butadiene-styrene (ABS) (2); polystyrene (PS) (2); epoxy resin (1),MERGE,WP03,多聚合物混合废塑料,Mixed multi-polymer waste
ENT_a585e57c597661ca,e-waste plastics,19,5,3,15,polystyrene (PS) (11); acrylonitrile-butadiene-styrene (ABS) (6); epoxy resin (5); polypropylene (PP) (4); polyvinyl chloride (PVC) (4); polycarbonate (PC) (4),MERGE,WP13,WEEE/电子电器废塑料,WEEE/electronic plastic waste
ENT_d97f6390844170bf,mulching film,19,2,13,1,polyethylene (PE) (3),MERGE,WP12,农业膜/农业废塑料,Agricultural plastic waste
ENT_c8530c903082865a,residual plastics,19,2,17,0,,MERGE,WP01,单一聚合物废塑料样品,Single-polymer waste plastic
ENT_88bac8ff3645e3b5,virgin HD-PE,19,7,0,1,high-density polyethylene (HDPE) (17),MERGE,WP01,单一聚合物废塑料样品,Single-polymer waste plastic
ENT_e300fa3fe5ba9408,waste plastic powder,19,1,19,0,,MERGE,WP31,颗粒/粉末/片料/碎料,Pellet/powder/flake/shredded plastic
ENT_f25e0cbb8c34b0df,AHH,18,1,15,1,polycarbonate (PC) (11),MERGE,WP15,汽车/报废车辆废塑料,Automotive/ELV plastic waste
ENT_a359fab4422d9deb,HDPE-A,18,2,17,3,high-density polyethylene (HDPE) (18); polystyrene (PS) (3); low-density polyethylene (LDPE) (1),MERGE,WP03,多聚合物混合废塑料,Mixed multi-polymer waste
ENT_01995d9e151add66,MPO rigids,18,1,13,3,polypropylene (PP) (2); polyethylene (PE) (2); polyolefins (1),MERGE,WP02,混合聚烯烃废塑料,Mixed polyolefin waste
ENT_23b52f232425e798,PET bottles,18,12,8,3,polyethylene terephthalate (PET) (13); polypropylene (PP) (2); polyethylene (PE) (2),MERGE,WP10,饮料瓶/容器废塑料,Bottle/container plastic waste
ENT_308904121d35eaca,PO-rich stream,18,2,14,2,polyethylene (PE) (2); polypropylene (PP) (2),MERGE,WP02,混合聚烯烃废塑料,Mixed polyolefin waste
ENT_8396a07a1280bc09,PP rigids,18,3,12,5,polypropylene (PP) (9); polyethylene (PE) (1); polyethylene terephthalate (PET) (1); polyamide (PA) (1); polyurethane (PU) (1),MERGE,WP03,多聚合物混合废塑料,Mixed multi-polymer waste
ENT_e3cb9fc57c4d88a9,hospital plastic wastes,18,2,17,4,polystyrene (PS) (4); polyethylene (PE) (3); polypropylene (PP) (3); polyvinyl chloride (PVC) (3),MERGE,WP16,医疗/PPE废塑料,Medical/PPE plastic waste
ENT_02941374c41892de,mixed post-consumer plastic waste,18,5,13,5,polypropylene (PP) (3); polystyrene (PS) (2); low-density polyethylene (LDPE) (2); polyethylene (PE) (1); polyolefins (1),MERGE,WP06,消费后废塑料,Post-consumer plastic waste
ENT_f684c66de9ba5566,postconsumer waste plastics,18,5,14,4,polyethylene (PE) (3); polypropylene (PP) (2); polystyrene (PS) (2); polyvinyl chloride (PVC) (2),MERGE,WP06,消费后废塑料,Post-consumer plastic waste
ENT_2c0926a5f6281f4e,real-world plastics,18,4,17,0,,MERGE,WP01,单一聚合物废塑料样品,Single-polymer waste plastic
ENT_d82d279b5f432d90,scrap tires,18,11,8,0,,DROP,,,轮胎/橡胶原料，不属于WastePlastic
ENT_50a77aa96707ecef,Bakelite,17,4,12,4,phenolic resin (11); polypropylene (PP) (7); polyethylene (PE) (3); high-density polyethylene (HDPE) (2),MERGE,WP03,多聚合物混合废塑料,Mixed multi-polymer waste
ENT_d34166b508142190,Malaysia plastic composition,17,1,17,4,low-density polyethylene (LDPE) (8); high-density polyethylene (HDPE) (8); polystyrene (PS) (8); polypropylene (PP) (8),MERGE,WP03,多聚合物混合废塑料,Mixed multi-polymer waste
ENT_334f2aceb68a50cb,WEEE,17,10,13,10,polystyrene (PS) (3); polyethylene (PE) (2); acrylonitrile-butadiene-styrene (ABS) (2); polypropylene (PP) (2); polycarbonate (PC) (1); polyethylene terephthalate (PET) (1),MERGE,WP13,WEEE/电子电器废塑料,WEEE/electronic plastic waste
ENT_8e44bb4eb79f909b,WPP,17,7,11,4,polypropylene (PP) (7); polystyrene (PS) (2); low-density polyethylene (LDPE) (1); high-density polyethylene (HDPE) (1),MERGE,WP03,多聚合物混合废塑料,Mixed multi-polymer waste
ENT_1f34dca932b6384a,aluminum foil-laminated plastic residue,17,1,11,4,polyethylene (PE) (2); low-density polyethylene (LDPE) (1); medium-density polyethylene (MDPE) (1); high-density polyethylene (HDPE) (1),MERGE,WP32,多层/复合/金属化塑料,Multilayer/composite/metallised plastic
ENT_37f314777204804c,mixed HDPE and PET plastics,17,1,15,2,high-density polyethylene (HDPE) (16); polyethylene terephthalate (PET) (16),MERGE,WP02,混合聚烯烃废塑料,Mixed polyolefin waste
ENT_bc9ddf472bbe302b,polyester waste,17,9,3,4,polyester (6); polyethylene terephthalate (PET) (4); polylactic acid (PLA) (2); polycarbonate (PC) (2),MERGE,WP03,多聚合物混合废塑料,Mixed multi-polymer waste
ENT_40e68eff82da05c7,real plastic waste,17,9,12,0,,MERGE,WP01,单一聚合物废塑料样品,Single-polymer waste plastic
ENT_f3a6ae420b7597a5,real-world plastic waste,17,10,7,8,polyethylene (PE) (3); polypropylene (PP) (2); polyethylene terephthalate (PET) (2); polystyrene (PS) (2); low-density polyethylene (LDPE) (1); high-density polyethylene (HDPE) (1),MERGE,WP29,RDF/SRF/分选残余塑料,RDF/SRF/sorting-residue plastics
ENT_90c24a9f5319ec01,waste plastics-derived wax,17,2,12,1,polyolefins (1),DROP,,,油/蜡/衍生液体，不属于WastePlastic
ENT_592db36b5ac414fc,EPS,16,5,11,1,polystyrene (PS) (14),MERGE,WP01,单一聚合物废塑料样品,Single-polymer waste plastic
ENT_92512d6b92aae4d2,PLA waste,16,7,9,2,polylactic acid (PLA) (13); polyethylene terephthalate (PET) (1),MERGE,WP03,多聚合物混合废塑料,Mixed multi-polymer waste
ENT_f7867848ed875317,Plasmix,16,2,10,5,polyethylene (PE) (3); polypropylene (PP) (3); polyethylene terephthalate (PET) (2); polystyrene (PS) (2); polyvinyl chloride (PVC) (1),MERGE,WP03,多聚合物混合废塑料,Mixed multi-polymer waste
ENT_30b86e4eeaa58608,dry-washed DKR-350,16,1,14,0,,MERGE,WP29,RDF/SRF/分选残余塑料,RDF/SRF/sorting-residue plastics
ENT_99dd2ff2f713360f,mixed waste expanded polystyrene and high density polyethylene,16,2,12,3,polystyrene (PS) (13); high-density polyethylene (HDPE) (10); polyethylene (PE) (3),MERGE,WP21,泡沫/保温塑料废弃物,Foam/insulation plastic waste
ENT_7c135ec388ab6d6e,plastic container,16,2,13,5,polystyrene (PS) (4); polypropylene (PP) (2); polyethylene (PE) (1); polyethylene terephthalate (PET) (1); polyvinyl chloride (PVC) (1),MERGE,WP10,饮料瓶/容器废塑料,Bottle/container plastic waste
ENT_f26464cb678673dc,polyethylene film from municipal solid waste,16,1,10,3,polyethylene (PE) (15); low-density polyethylene (LDPE) (1); high-density polyethylene (HDPE) (1),MERGE,WP11,袋/薄膜类废塑料,Bag/film plastic waste
ENT_1d6327de772ada2b,polyolefin-based facemask,16,1,9,2,polyolefins (8); polypropylene (PP) (4),MERGE,WP16,医疗/PPE废塑料,Medical/PPE plastic waste
ENT_42668542c38b7a13,waste plastic rice containers,16,1,12,2,ethylene-vinyl alcohol (EVOH) (2); polypropylene (PP) (1),MERGE,WP09,食品包装/餐饮废塑料,Food-packaging/food-service plastic waste
ENT_df484fa969f28627,woven bag,16,4,8,1,polypropylene (PP) (11),MERGE,WP11,袋/薄膜类废塑料,Bag/film plastic waste
ENT_0b056958cc4e0c62,BOPP,15,3,12,2,polypropylene (PP) (8); polyolefins (1),MERGE,WP02,混合聚烯烃废塑料,Mixed polyolefin waste
ENT_2151a691e8009471,DKR-350,15,3,9,3,polyethylene (PE) (1); polypropylene (PP) (1); polyolefins (1),MERGE,WP29,RDF/SRF/分选残余塑料,RDF/SRF/sorting-residue plastics
ENT_65604c7dce8a4980,P,15,1,14,1,polycarbonate (PC) (1),MERGE,WP01,单一聚合物废塑料样品,Single-polymer waste plastic
ENT_b3719b1572bc95f0,PCB,15,6,12,1,epoxy resin (3),MERGE,WP01,单一聚合物废塑料样品,Single-polymer waste plastic
ENT_a18e1aafd4486de5,PP-FFM,15,1,13,1,polypropylene (PP) (14),MERGE,WP01,单一聚合物废塑料样品,Single-polymer waste plastic
ENT_ef8c296d7ad3f85a,PP-LDPE,15,3,14,2,low-density polyethylene (LDPE) (14); polypropylene (PP) (14),MERGE,WP02,混合聚烯烃废塑料,Mixed polyolefin waste
ENT_8afbe1d8a4c94fae,PP/PS mixture,15,4,12,2,polypropylene (PP) (13); polystyrene (PS) (13),MERGE,WP03,多聚合物混合废塑料,Mixed multi-polymer waste
ENT_4ac8c974c630019d,disposable lunch box,15,4,8,1,polypropylene (PP) (10),MERGE,WP23,一次性塑料制品,Single-use plastic products
ENT_29a93fca8135c23c,disposable masks (PP),15,6,11,5,polypropylene (PP) (11); polyethylene (PE) (2); polycarbonate (PC) (1); polyester (1); polyurethane (PU) (1),MERGE,WP16,医疗/PPE废塑料,Medical/PPE plastic waste
ENT_3e6ea91e874d7449,mixed PE-PP-PET,15,2,13,3,polyethylene (PE) (6); polypropylene (PP) (6); polyethylene terephthalate (PET) (6),MERGE,WP02,混合聚烯烃废塑料,Mixed polyolefin waste
ENT_38342fa753fdcf0e,mixed urban plastics,15,3,11,9,polyethylene (PE) (8); polypropylene (PP) (8); polystyrene (PS) (8); polyethylene terephthalate (PET) (8); polyvinyl chloride (PVC) (8); acrylonitrile-butadiene-styrene (ABS) (8),MERGE,WP04,城市生活/市政废塑料,Municipal plastic waste
ENT_acec4e22ed347e7a,mixed waste plastics containing PVC,15,12,4,1,polyvinyl chloride (PVC) (5),MERGE,WP26,含氯/卤素废塑料,Chlorine/halogen-containing plastic waste
ENT_b611b22a7540977d,plastic feed,15,9,9,3,low-density polyethylene (LDPE) (1); high-density polyethylene (HDPE) (1); polypropylene (PP) (1),MERGE,WP02,混合聚烯烃废塑料,Mixed polyolefin waste
ENT_8c9519c0391fe797,polycarbonate microplastics,15,1,12,1,polycarbonate (PC) (13),MERGE,WP28,微塑料/塑料碎片,Microplastic/plastic fragments
ENT_cf322dca45357a97,recycled HDPE,15,6,9,1,high-density polyethylene (HDPE) (15),MERGE,WP30,回收/再生/返工塑料,Recycled/reworked plastic
ENT_c725a4aab37c3978,CMP,14,2,6,6,polypropylene (PP) (3); polyethylene (PE) (2); polystyrene (PS) (1); polyethylene terephthalate (PET) (1); polyvinyl chloride (PVC) (1); low-density polyethylene (LDPE) (1),MERGE,WP03,多聚合物混合废塑料,Mixed multi-polymer waste
ENT_0576d2f0c03676f6,MSW,14,8,11,5,polypropylene (PP) (2); polyvinyl chloride (PVC) (2); polyethylene terephthalate (PET) (2); polyethylene (PE) (1); polystyrene (PS) (1),MERGE,WP03,多聚合物混合废塑料,Mixed multi-polymer waste
ENT_33aae707ff06a988,PP-HDPE-PS Mixed Plastic,14,1,12,3,polypropylene (PP) (4); high-density polyethylene (HDPE) (4); polystyrene (PS) (4),MERGE,WP03,多聚合物混合废塑料,Mixed multi-polymer waste
ENT_12412d846797a457,PS/PE,14,3,13,2,polystyrene (PS) (13); polyethylene (PE) (13),MERGE,WP03,多聚合物混合废塑料,Mixed multi-polymer waste
ENT_ad257d670f2d5046,PS/PP,14,3,12,2,polystyrene (PS) (13); polypropylene (PP) (13),MERGE,WP03,多聚合物混合废塑料,Mixed multi-polymer waste
ENT_572b3336548ce6c8,PS/PVC,14,5,11,4,polystyrene (PS) (12); polyvinyl chloride (PVC) (11); polyethylene (PE) (3); polypropylene (PP) (3),MERGE,WP03,多聚合物混合废塑料,Mixed multi-polymer waste
ENT_a0a28778e3f7923f,PVC-containing plastics,14,8,7,1,polyvinyl chloride (PVC) (8),MERGE,WP01,单一聚合物废塑料样品,Single-polymer waste plastic
ENT_4465523df9c905e6,Real WEEE,14,1,10,3,acrylonitrile-butadiene-styrene (ABS) (1); polystyrene (PS) (1); polybutylene terephthalate (PBT) (1),MERGE,WP13,WEEE/电子电器废塑料,WEEE/electronic plastic waste
ENT_c10dce206f428a3a,WMPs,14,1,11,3,polypropylene (PP) (1); low-density polyethylene (LDPE) (1); polystyrene (PS) (1),MERGE,WP03,多聚合物混合废塑料,Mixed multi-polymer waste
ENT_c0c223174c6bcb53,Waste Foamed Plastic,14,1,13,1,polystyrene (PS) (14),MERGE,WP21,泡沫/保温塑料废弃物,Foam/insulation plastic waste
ENT_aa9ae792cba2ffbe,food packaging plastic waste,14,4,6,3,polyethylene (PE) (4); polypropylene (PP) (2); polyethylene terephthalate (PET) (1),MERGE,WP09,食品包装/餐饮废塑料,Food-packaging/food-service plastic waste
ENT_c246520b96732a11,high-impact polystyrene waste,14,7,4,5,polystyrene (PS) (13); polypropylene (PP) (1); high-density polyethylene (HDPE) (1); low-density polyethylene (LDPE) (1); polybutadiene (BR) (1),MERGE,WP03,多聚合物混合废塑料,Mixed multi-polymer waste
ENT_e28d303a39cb1a39,polystyrene-butadiene waste,14,2,8,2,polystyrene (PS) (2); polybutadiene (BR) (2),MERGE,WP03,多聚合物混合废塑料,Mixed multi-polymer waste
ENT_8da59184bec1ff8b,polystyrene-polybutadiene,14,2,8,2,polybutadiene (BR) (5); polystyrene (PS) (4),MERGE,WP03,多聚合物混合废塑料,Mixed multi-polymer waste
ENT_e42853f20d4ba384,post-consumer plastic mixture (HDPE/LDPE/PP/PVC),14,1,14,4,high-density polyethylene (HDPE) (14); low-density polyethylene (LDPE) (14); polypropylene (PP) (14); polyvinyl chloride (PVC) (14),MERGE,WP06,消费后废塑料,Post-consumer plastic waste
ENT_b59cc2a6ce8cdb88,post-consumer plastics,14,7,9,1,polyolefins (1),MERGE,WP06,消费后废塑料,Post-consumer plastic waste
ENT_ef50cec79bdf1982,postconsumer plastic mixture (PE/PP/PS/PVC),14,1,14,4,polyethylene (PE) (9); polypropylene (PP) (9); polystyrene (PS) (9); polyvinyl chloride (PVC) (9),MERGE,WP06,消费后废塑料,Post-consumer plastic waste
ENT_b2f8bd4bf9b370f3,waste PET bottles,14,5,8,1,polyethylene terephthalate (PET) (14),MERGE,WP10,饮料瓶/容器废塑料,Bottle/container plastic waste
ENT_0b44609dc64f3cd8,PE-HD,13,1,12,2,high-density polyethylene (HDPE) (10); polyethylene (PE) (3),MERGE,WP02,混合聚烯烃废塑料,Mixed polyolefin waste
ENT_83ffa2bd0b501cfe,PS/PP/PE,13,5,10,3,polyethylene (PE) (7); polypropylene (PP) (7); polystyrene (PS) (7),MERGE,WP02,混合聚烯烃废塑料,Mixed polyolefin waste
ENT_96f76f5992f1c827,carpet backing material,13,1,11,5,polyethylene terephthalate (PET) (5); polyamide (PA) (1); polypropylene (PP) (1); polyvinyl chloride (PVC) (1); styrene-butadiene rubber (SBR) (1),MERGE,WP20,纺织/纤维/地毯塑料废弃物,Textile/fibre/carpet plastic waste
ENT_be5c466509531f04,low-density polyethylene medical waste,13,2,11,2,low-density polyethylene (LDPE) (12); high-density polyethylene (HDPE) (1),MERGE,WP16,医疗/PPE废塑料,Medical/PPE plastic waste
ENT_4bd007020819ad88,real PET waste,13,2,11,1,polyethylene terephthalate (PET) (11),MERGE,WP01,单一聚合物废塑料样品,Single-polymer waste plastic
ENT_80bf9e0b08650693,shopping bag,13,2,8,1,high-density polyethylene (HDPE) (6),MERGE,WP11,袋/薄膜类废塑料,Bag/film plastic waste
ENT_53c2fc11c7a0831f,virgin PP,13,7,1,1,polypropylene (PP) (9),MERGE,WP01,单一聚合物废塑料样品,Single-polymer waste plastic
ENT_313e18e8a98ea1cf,waste electrical and electronic equipment plastics,13,5,6,9,polystyrene (PS) (4); acrylonitrile-butadiene-styrene (ABS) (2); polypropylene (PP) (1); polycarbonate (PC) (1); styrene-acrylonitrile copolymer (SAN) (1); polyamide (PA) (1),MERGE,WP13,WEEE/电子电器废塑料,WEEE/electronic plastic waste
ENT_598765ce69054a01,water bottle,13,4,8,1,polyethylene terephthalate (PET) (9),MERGE,WP10,饮料瓶/容器废塑料,Bottle/container plastic waste
ENT_91b00e95596de9b6,HDPE/LDPE plastic waste,12,2,10,2,high-density polyethylene (HDPE) (2); low-density polyethylene (LDPE) (2),MERGE,WP02,混合聚烯烃废塑料,Mixed polyolefin waste
ENT_2ffb97bdd5c0d4a5,MPP,12,1,10,3,low-density polyethylene (LDPE) (1); polypropylene (PP) (1); polystyrene (PS) (1),MERGE,WP03,多聚合物混合废塑料,Mixed multi-polymer waste
ENT_bff2b9f2817cfa42,PE bags,12,10,4,1,polyethylene (PE) (9),MERGE,WP11,袋/薄膜类废塑料,Bag/film plastic waste
ENT_0d5986eaf1e083d7,PE/PP mixed plastics,12,7,6,2,polypropylene (PP) (7); polyethylene (PE) (7),MERGE,WP02,混合聚烯烃废塑料,Mixed polyolefin waste
ENT_4576c8af21d31bbf,PP/EPDM waste,12,1,12,0,,MERGE,WP01,单一聚合物废塑料样品,Single-polymer waste plastic
ENT_7ecfccc73fecebf1,PVC mixed plastic waste,12,2,6,1,polyvinyl chloride (PVC) (6),MERGE,WP03,多聚合物混合废塑料,Mixed multi-polymer waste
ENT_cb217e7d3514aadc,carpet face fiber,12,1,10,1,polyethylene terephthalate (PET) (6),MERGE,WP20,纺织/纤维/地毯塑料废弃物,Textile/fibre/carpet plastic waste
ENT_21a57d4be5ddc31c,ethylene-propylene copolymer waste,12,3,9,2,ethylene-propylene copolymer (EPR) (6); polystyrene (PS) (1),MERGE,WP03,多聚合物混合废塑料,Mixed multi-polymer waste
ENT_33b593f86faa1c9d,medical wastes,12,3,11,3,polyvinyl chloride (PVC) (1); polyethylene (PE) (1); polystyrene (PS) (1),MERGE,WP16,医疗/PPE废塑料,Medical/PPE plastic waste
ENT_df2de34d6f7bb68d,mixed polyolefins,12,9,8,4,low-density polyethylene (LDPE) (4); high-density polyethylene (HDPE) (4); polypropylene (PP) (4); polyolefins (3),MERGE,WP02,混合聚烯烃废塑料,Mixed polyolefin waste
ENT_2db1270bc28e1c3a,mixed waste,12,6,8,4,polyethylene (PE) (1); polypropylene (PP) (1); polyethylene terephthalate (PET) (1); low-density polyethylene (LDPE) (1),MERGE,WP02,混合聚烯烃废塑料,Mixed polyolefin waste
ENT_8cbabb3bfc52083e,mixture of PVC/PS/PP/PE,12,3,11,4,polyvinyl chloride (PVC) (8); polystyrene (PS) (8); polypropylene (PP) (8); polyethylene (PE) (8),MERGE,WP02,混合聚烯烃废塑料,Mixed polyolefin waste
ENT_60aa447ac32025ec,non-recyclable plastic waste,12,6,5,7,polypropylene (PP) (5); polystyrene (PS) (4); polyethylene terephthalate (PET) (3); polyolefins (3); polyethylene (PE) (2); polyamide (PA) (2),MERGE,WP03,多聚合物混合废塑料,Mixed multi-polymer waste
ENT_bd78832333ed2430,used PS,12,1,12,1,polystyrene (PS) (12),MERGE,WP01,单一聚合物废塑料样品,Single-polymer waste plastic
ENT_2e15851769fac24c,waste LDPE carry bags,12,8,6,2,low-density polyethylene (LDPE) (8); high-density polyethylene (HDPE) (1),MERGE,WP11,袋/薄膜类废塑料,Bag/film plastic waste
ENT_a889d9e8f33e4c1f,CP55,11,1,10,1,polyvinyl chloride (PVC) (1),MERGE,WP01,单一聚合物废塑料样品,Single-polymer waste plastic
ENT_6d7ad132144d5cfa,MET/PET,11,1,9,2,polyethylene terephthalate (PET) (8); polypropylene (PP) (2),MERGE,WP02,混合聚烯烃废塑料,Mixed polyolefin waste
ENT_84c2830e6cd66726,PE plastic,11,7,5,1,polyethylene (PE) (7),MERGE,WP01,单一聚合物废塑料样品,Single-polymer waste plastic
ENT_1ec280c60e58023e,PS/PP/PE/PET,11,4,9,4,polypropylene (PP) (7); polyethylene (PE) (7); polystyrene (PS) (7); polyethylene terephthalate (PET) (7),MERGE,WP02,混合聚烯烃废塑料,Mixed polyolefin waste
ENT_4533cf76cd8b027b,industrial plastic waste 2,11,1,6,1,polyurethane (PU) (7),MERGE,WP07,工业废塑料/生产废料,Industrial plastic waste
ENT_553395d86aed4369,mixture of post-consumer plastic waste,11,3,9,3,polyethylene (PE) (1); polypropylene (PP) (1); polystyrene (PS) (1),MERGE,WP06,消费后废塑料,Post-consumer plastic waste
ENT_9706d54223530f98,plastic film,11,6,7,4,low-density polyethylene (LDPE) (7); polyethylene (PE) (2); polypropylene (PP) (1); high-density polyethylene (HDPE) (1),MERGE,WP11,袋/薄膜类废塑料,Bag/film plastic waste
ENT_f4c67a7306566e20,polyurethane rigid foam waste,11,4,2,2,polyurethane (PU) (5); polyisocyanurate (1),MERGE,WP21,泡沫/保温塑料废弃物,Foam/insulation plastic waste
ENT_2ab7919163ed2a04,prescription medicine bottles,11,2,8,2,polypropylene (PP) (4); polyolefins (1),MERGE,WP10,饮料瓶/容器废塑料,Bottle/container plastic waste
ENT_d9e47698615a39a3,real ELV polyolefin plastics,11,1,10,1,polyolefins (8),MERGE,WP01,单一聚合物废塑料样品,Single-polymer waste plastic
ENT_0086460523b6a29d,toiletry bottle,11,1,8,1,polyethylene terephthalate (PET) (4),MERGE,WP10,饮料瓶/容器废塑料,Bottle/container plastic waste
ENT_02123ed46ce5b3fe,waste rubber,11,7,5,2,butyl rubber (IIR) (3); polyethylene (PE) (1),DROP,,,轮胎/橡胶原料，不属于WastePlastic
ENT_82f4bb48f31ea8e8,waste tyres,11,4,7,3,natural rubber (2); polybutadiene (BR) (1); styrene-butadiene rubber (SBR) (1),MERGE,WP03,多聚合物混合废塑料,Mixed multi-polymer waste
ENT_03c08208622dca23,AS,10,1,7,1,styrene-acrylonitrile copolymer (SAN) (9),MERGE,WP01,单一聚合物废塑料样品,Single-polymer waste plastic
ENT_c5912b8b47b4ee74,LDPE bags,10,4,9,1,low-density polyethylene (LDPE) (9),MERGE,WP11,袋/薄膜类废塑料,Bag/film plastic waste
ENT_f2cfa6d3dfed4da5,LDPE pellets,10,6,5,1,low-density polyethylene (LDPE) (7),MERGE,WP31,颗粒/粉末/片料/碎料,Pellet/powder/flake/shredded plastic
ENT_e54b93cee6253578,LDPE/HDPE mixture,10,1,10,2,low-density polyethylene (LDPE) (6); high-density polyethylene (HDPE) (6),MERGE,WP02,混合聚烯烃废塑料,Mixed polyolefin waste
ENT_7467480531adaff2,building reconstruction plastics,10,2,6,3,polyethylene (PE) (3); polyvinyl chloride (PVC) (1); polyurethane (PU) (1),MERGE,WP19,建筑/工程塑料废弃物,Construction/engineering plastic waste
ENT_ff971cf7c661e4d6,commercial HDPE pellets,10,2,9,2,high-density polyethylene (HDPE) (8); polyethylene (PE) (2),MERGE,WP31,颗粒/粉末/片料/碎料,Pellet/powder/flake/shredded plastic
ENT_6ccccc4c340c424f,mixed plastic I (MPI),10,1,8,4,high-density polyethylene (HDPE) (9); low-density polyethylene (LDPE) (9); polypropylene (PP) (9); polylactic acid (PLA) (9),MERGE,WP03,多聚合物混合废塑料,Mixed multi-polymer waste
ENT_33e22ff6fd0c1768,mixed polymers,10,9,4,4,high-density polyethylene (HDPE) (1); polypropylene (PP) (1); low-density polyethylene (LDPE) (1); polyethylene (PE) (1),MERGE,WP02,混合聚烯烃废塑料,Mixed polyolefin waste
ENT_a5fd64875cc16f29,mixed-density plastics,10,1,8,2,high-density polyethylene (HDPE) (6); low-density polyethylene (LDPE) (6),MERGE,WP02,混合聚烯烃废塑料,Mixed polyolefin waste
ENT_d62bd90194baa715,packaging materials,10,2,6,1,polystyrene (PS) (9),MERGE,WP08,包装废塑料,Packaging plastic waste
ENT_42d432ea12146c6e,plastic residue,10,3,9,4,polyethylene (PE) (7); polypropylene (PP) (7); polystyrene (PS) (6); polyethylene terephthalate (PET) (6),MERGE,WP03,多聚合物混合废塑料,Mixed multi-polymer waste
ENT_254281dbd31c4a7e,polyvinylchloride waste,10,5,2,3,polyvinyl chloride (PVC) (6); low-density polyethylene (LDPE) (2); polystyrene (PS) (2),MERGE,WP03,多聚合物混合废塑料,Mixed multi-polymer waste
ENT_8ce8a107e63de9a7,waste flat-panel display plastics,10,1,6,1,polystyrene (PS) (3),MERGE,WP01,单一聚合物废塑料样品,Single-polymer waste plastic
ENT_34832f170d31263e,BPS,9,1,9,1,polystyrene (PS) (9),MERGE,WP01,单一聚合物废塑料样品,Single-polymer waste plastic
ENT_e931cd63b18ca8b5,ELV waste plastics,9,2,7,4,polypropylene (PP) (7); high-density polyethylene (HDPE) (4); low-density polyethylene (LDPE) (4); polyethylene (PE) (3),MERGE,WP02,混合聚烯烃废塑料,Mixed polyolefin waste
ENT_15ec3156e6512553,EPS waste,9,4,1,1,polystyrene (PS) (6),MERGE,WP01,单一聚合物废塑料样品,Single-polymer waste plastic
ENT_8ba565865516c27f,HDPE granules,9,1,7,1,high-density polyethylene (HDPE) (8),MERGE,WP31,颗粒/粉末/片料/碎料,Pellet/powder/flake/shredded plastic
ENT_7362076455b2ca14,PA6,9,3,7,1,polyamide 6 (PA6) (7),MERGE,WP01,单一聚合物废塑料样品,Single-polymer waste plastic
ENT_6d6b06897cdb02e9,PAN,9,3,5,2,polyacrylonitrile (PAN) (8); polystyrene (PS) (1),MERGE,WP03,多聚合物混合废塑料,Mixed multi-polymer waste
ENT_97a479a0e2069040,PET-based waste carpet,9,5,2,1,polyethylene terephthalate (PET) (3),MERGE,WP20,纺织/纤维/地毯塑料废弃物,Textile/fibre/carpet plastic waste
ENT_8b583a87bef927e5,PMMA waste,9,4,4,1,poly(methyl methacrylate) (PMMA) (7),MERGE,WP01,单一聚合物废塑料样品,Single-polymer waste plastic
ENT_16b75d8f47c1a1c0,W-HDPE,9,1,7,1,high-density polyethylene (HDPE) (5),MERGE,WP01,单一聚合物废塑料样品,Single-polymer waste plastic
ENT_aec6fdff374c7bdf,W-LDPE,9,1,7,1,low-density polyethylene (LDPE) (5),MERGE,WP01,单一聚合物废塑料样品,Single-polymer waste plastic
ENT_19bd99d1910029c5,bottle milk plastic waste,9,1,7,1,high-density polyethylene (HDPE) (5),MERGE,WP10,饮料瓶/容器废塑料,Bottle/container plastic waste
ENT_48fa2579d29987fa,electronic plastic waste,9,6,5,7,polystyrene (PS) (6); polyvinyl chloride (PVC) (5); acrylonitrile-butadiene-styrene (ABS) (5); polypropylene (PP) (4); polyethylene (PE) (3); polyethylene terephthalate (PET) (3),MERGE,WP13,WEEE/电子电器废塑料,WEEE/electronic plastic waste
ENT_13b8e829a3fe87f5,end-of-life tires,9,3,0,5,natural rubber (2); styrene-butadiene rubber (SBR) (2); polybutadiene (BR) (2); polyamide (PA) (1); aramid (1),DROP,,,轮胎/橡胶原料，不属于WastePlastic
ENT_999bf3e65de5b1bb,industrial plastic waste 1,9,1,6,2,polyolefins (2); polyethylene (PE) (1),MERGE,WP07,工业废塑料/生产废料,Industrial plastic waste
ENT_569d833f2ca0b4de,mixed,9,5,8,2,polyolefins (1); polystyrene (PS) (1),MERGE,WP03,多聚合物混合废塑料,Mixed multi-polymer waste
ENT_302a68aa7e9867ad,model plastic mixture,9,2,4,5,high-density polyethylene (HDPE) (2); polystyrene (PS) (2); polyethylene terephthalate (PET) (1); low-density polyethylene (LDPE) (1); polypropylene (PP) (1),MERGE,WP34,实验/模型塑料样品,Experimental/model plastic sample
ENT_49e1e31b928dea62,pine sawdust,9,5,0,0,,DROP,,,生物质/煤/无机物，不属于WastePlastic
ENT_c58f8d42eb547fc9,polymethyl methacrylate waste,9,6,2,1,poly(methyl methacrylate) (PMMA) (8),MERGE,WP01,单一聚合物废塑料样品,Single-polymer waste plastic
ENT_fa0c9bcf5f1c2603,polypropylene (PPI) injection grade,9,1,7,4,polypropylene (PP) (6); phenolic resin (3); polyethylene (PE) (2); high-density polyethylene (HDPE) (1),MERGE,WP03,多聚合物混合废塑料,Mixed multi-polymer waste
ENT_7e42ef48d3825818,polypropylene (PPX) extrusion grade,9,1,7,4,polypropylene (PP) (7); polyethylene (PE) (3); phenolic resin (3); high-density polyethylene (HDPE) (1),MERGE,WP03,多聚合物混合废塑料,Mixed multi-polymer waste
ENT_1543c2fa155988ce,polystyrene foam,9,6,4,1,polystyrene (PS) (8),MERGE,WP21,泡沫/保温塑料废弃物,Foam/insulation plastic waste
ENT_4ecd88edccbb8723,post-consumer milk bottle plastic waste,9,2,3,2,high-density polyethylene (HDPE) (6); polyethylene (PE) (1),MERGE,WP10,饮料瓶/容器废塑料,Bottle/container plastic waste
ENT_1a641545afd6ed1b,postconsumer polymer mixture,9,3,9,4,polyethylene (PE) (4); polypropylene (PP) (4); polystyrene (PS) (1); polyvinyl chloride (PVC) (1),MERGE,WP06,消费后废塑料,Post-consumer plastic waste
ENT_c4f0632ee5f17692,residual polyethylene (AGR),9,2,8,1,polyethylene (PE) (9),MERGE,WP01,单一聚合物废塑料样品,Single-polymer waste plastic
ENT_36b6a0bbac173a08,simulated mixed plastics,9,3,8,4,polyethylene (PE) (1); polypropylene (PP) (1); polystyrene (PS) (1); polyethylene terephthalate (PET) (1),MERGE,WP03,多聚合物混合废塑料,Mixed multi-polymer waste
ENT_2cb58702ff0a5e86,waste CDs,9,1,6,2,polystyrene (PS) (6); polycarbonate (PC) (5),MERGE,WP03,多聚合物混合废塑料,Mixed multi-polymer waste
ENT_a8732464e07e33fb,waste PP centrifuge tubes,9,1,9,1,polypropylene (PP) (9),MERGE,WP16,医疗/PPE废塑料,Medical/PPE plastic waste
ENT_fb4a6af84ebd1a6d,waste PVC pipes,9,3,4,1,polyvinyl chloride (PVC) (7),MERGE,WP01,单一聚合物废塑料样品,Single-polymer waste plastic
ENT_44c4106c7ce73778,waste plastic crusts of televisions,9,1,6,1,acrylonitrile-butadiene-styrene (ABS) (6),MERGE,WP01,单一聚合物废塑料样品,Single-polymer waste plastic
ENT_fe72e4bfbaf4e719,BMP,8,1,2,6,polypropylene (PP) (3); polyethylene (PE) (2); polystyrene (PS) (1); polyethylene terephthalate (PET) (1); polyvinyl chloride (PVC) (1); low-density polyethylene (LDPE) (1),MERGE,WP03,多聚合物混合废塑料,Mixed multi-polymer waste
ENT_cf35d7fc0414c9f6,CD PS,8,1,6,1,polystyrene (PS) (7),MERGE,WP01,单一聚合物废塑料样品,Single-polymer waste plastic
ENT_a814b8f9bfb4a606,European (DSD) mixture,8,1,7,0,,MERGE,WP01,单一聚合物废塑料样品,Single-polymer waste plastic
ENT_18db3521c3988986,HDPE waxes,8,3,0,2,polyethylene (PE) (1); high-density polyethylene (HDPE) (1),MERGE,WP02,混合聚烯烃废塑料,Mixed polyolefin waste
ENT_1e3651acfc682450,LDPE type plastic waste,8,1,5,1,low-density polyethylene (LDPE) (6),MERGE,WP01,单一聚合物废塑料样品,Single-polymer waste plastic
ENT_3c502920f7a01bca,PP (Waste Lunch Box),8,5,7,1,polypropylene (PP) (7),MERGE,WP23,一次性塑料制品,Single-use plastic products
ENT_ea7ed4069d63d923,PVC resin,8,1,8,1,polyvinyl chloride (PVC) (8),MERGE,WP01,单一聚合物废塑料样品,Single-polymer waste plastic
ENT_e52489582223a348,PVC/PS mixed plastics,8,2,7,2,polyvinyl chloride (PVC) (7); polystyrene (PS) (7),MERGE,WP03,多聚合物混合废塑料,Mixed multi-polymer waste
ENT_f912df810ba70b77,agricultural film,8,1,7,2,low-density polyethylene (LDPE) (2); polyethylene (PE) (1),MERGE,WP12,农业膜/农业废塑料,Agricultural plastic waste
ENT_d74e30ce66c7a246,automotive seat foam,8,1,6,1,polyurethane (PU) (8),MERGE,WP15,汽车/报废车辆废塑料,Automotive/ELV plastic waste
ENT_1e4f6c3b66331ce8,brominated high impact polystyrene (Br-HIPS),8,3,6,1,polystyrene (PS) (7),MERGE,WP25,阻燃/含溴废塑料,Flame-retarded/brominated plastic waste
ENT_ab89a1506304985c,cling film,8,1,7,2,low-density polyethylene (LDPE) (2); polyethylene (PE) (1),MERGE,WP11,袋/薄膜类废塑料,Bag/film plastic waste
ENT_04a899f3e37b5d35,crude waste plastic pyrolysis oil,8,3,0,0,,DROP,,,油/蜡/衍生液体，不属于WastePlastic
ENT_c35695e11faa97bd,household plastic waste,8,7,1,7,polypropylene (PP) (4); low-density polyethylene (LDPE) (3); polystyrene (PS) (3); polyethylene terephthalate (PET) (2); polyvinyl chloride (PVC) (2); high-density polyethylene (HDPE) (2),MERGE,WP05,家庭/居民废塑料,Household/residential plastic waste
ENT_cb7dac0058577df9,mineral water container plastics,8,1,4,3,polyethylene terephthalate (PET) (2); polyethylene (PE) (1); high-density polyethylene (HDPE) (1),MERGE,WP10,饮料瓶/容器废塑料,Bottle/container plastic waste
ENT_85660e977b825b4c,"mixed plastics (PE, PP, PS)",8,4,5,3,polyethylene (PE) (6); polypropylene (PP) (6); polystyrene (PS) (6),MERGE,WP02,混合聚烯烃废塑料,Mixed polyolefin waste
ENT_ce52cdd81e7a88f8,mixed polymer binder,8,1,6,5,polyethylene (PE) (1); polypropylene (PP) (1); polyamide 66 (PA66) (1); polyethylene terephthalate (PET) (1); polycarbonate (PC) (1),MERGE,WP03,多聚合物混合废塑料,Mixed multi-polymer waste
ENT_47be5c3cde5afec1,multi-layered plastic food packaging,8,1,6,3,polyethylene terephthalate (PET) (3); polyethylene (PE) (3); polypropylene (PP) (3),MERGE,WP32,多层/复合/金属化塑料,Multilayer/composite/metallised plastic
ENT_2135d876b1364b87,paper rich sample,8,2,5,6,polypropylene (PP) (2); high-density polyethylene (HDPE) (1); polystyrene (PS) (1); polyethylene terephthalate (PET) (1); polyvinyl chloride (PVC) (1); polyethylene (PE) (1),MERGE,WP03,多聚合物混合废塑料,Mixed multi-polymer waste
ENT_d4a26926fb7940a0,polylactide waste,8,5,0,1,polylactic acid (PLA) (7),MERGE,WP01,单一聚合物废塑料样品,Single-polymer waste plastic
ENT_d7c450d117bc79a2,recycled plastics,8,5,6,3,low-density polyethylene (LDPE) (1); polypropylene (PP) (1); polystyrene (PS) (1),MERGE,WP30,回收/再生/返工塑料,Recycled/reworked plastic
ENT_51e66002af017ee4,waste electrical and electronic equipment,8,7,3,2,acrylonitrile-butadiene-styrene (ABS) (2); polystyrene (PS) (1),MERGE,WP13,WEEE/电子电器废塑料,WEEE/electronic plastic waste
ENT_ee203bc987e260e1,waste phenolic FRP,8,1,8,1,phenolic resin (3),MERGE,WP01,单一聚合物废塑料样品,Single-polymer waste plastic
ENT_7ba9861b7f4eeab3,waste surgical mask,8,2,2,1,polypropylene (PP) (3),MERGE,WP01,单一聚合物废塑料样品,Single-polymer waste plastic
ENT_7e4cc38507c822da,ASR,7,5,2,4,polyurethane (PU) (2); polyacrylonitrile (PAN) (2); polyvinyl chloride (PVC) (1); poly(methyl methacrylate) (PMMA) (1),MERGE,WP15,汽车/报废车辆废塑料,Automotive/ELV plastic waste
ENT_f3f7f4d5a3cbc080,HDPE bottles,7,3,6,2,high-density polyethylene (HDPE) (3); low-density polyethylene (LDPE) (1),MERGE,WP10,饮料瓶/容器废塑料,Bottle/container plastic waste
ENT_06eea31b2eaf4fc3,MF mixture,7,1,7,1,polyethylene (PE) (3),MERGE,WP01,单一聚合物废塑料样品,Single-polymer waste plastic
ENT_322da28416eff3c0,PET/PE,7,3,6,2,polyethylene (PE) (2); polyethylene terephthalate (PET) (2),MERGE,WP02,混合聚烯烃废塑料,Mixed polyolefin waste
ENT_f40fb3b731cdcf96,PP pellets,7,6,3,1,polypropylene (PP) (6),MERGE,WP31,颗粒/粉末/片料/碎料,Pellet/powder/flake/shredded plastic
ENT_e9143925dc6ba2dc,WPS-2,7,1,4,1,polystyrene (PS) (3),MERGE,WP01,单一聚合物废塑料样品,Single-polymer waste plastic
ENT_3d262ec6fb477b0d,chlorinated plastic waste,7,3,1,1,polyvinyl chloride (PVC) (2),MERGE,WP26,含氯/卤素废塑料,Chlorine/halogen-containing plastic waste
ENT_2ad0b27125912be1,household food packaging waste,7,4,6,3,polyethylene (PE) (3); polypropylene (PP) (3); polyethylene terephthalate (PET) (3),MERGE,WP09,食品包装/餐饮废塑料,Food-packaging/food-service plastic waste
ENT_a53b112ac0b92a91,low-density polypropylene waste,7,2,4,1,polypropylene (PP) (7),MERGE,WP01,单一聚合物废塑料样品,Single-polymer waste plastic
ENT_9bae62b256be4adf,medical syringe,7,2,3,1,polypropylene (PP) (1),MERGE,WP16,医疗/PPE废塑料,Medical/PPE plastic waste
ENT_eceb55a15e1b2c6e,mixed plastic II,7,1,5,3,high-density polyethylene (HDPE) (6); low-density polyethylene (LDPE) (6); polypropylene (PP) (6),MERGE,WP02,混合聚烯烃废塑料,Mixed polyolefin waste
ENT_c6a9b3383d0aab07,mixed polyolefinic postconsumer plastics,7,6,2,6,polyethylene (PE) (4); polypropylene (PP) (4); polyethylene terephthalate (PET) (4); polystyrene (PS) (4); polyurethane (PU) (1); polyolefins (1),MERGE,WP06,消费后废塑料,Post-consumer plastic waste
ENT_81b50b3501f4d721,mixture of PE and PET,7,2,3,2,polyethylene (PE) (5); polyethylene terephthalate (PET) (5),MERGE,WP02,混合聚烯烃废塑料,Mixed polyolefin waste
ENT_572f6b49696cebc1,plastic mixture (HDPE/LDPE/PP/PVC),7,1,6,4,high-density polyethylene (HDPE) (7); low-density polyethylene (LDPE) (7); polypropylene (PP) (7); polyvinyl chloride (PVC) (7),MERGE,WP02,混合聚烯烃废塑料,Mixed polyolefin waste
ENT_0aa726273bb9b871,polymethyl methacrylate,7,3,4,1,poly(methyl methacrylate) (PMMA) (6),MERGE,WP01,单一聚合物废塑料样品,Single-polymer waste plastic
ENT_87271987ecb9aa5a,polyolefin-based PPEs,7,1,5,1,polyolefins (6),MERGE,WP16,医疗/PPE废塑料,Medical/PPE plastic waste
ENT_5fc4d889eba47de9,post-consumer LDPE,7,1,5,1,low-density polyethylene (LDPE) (5),MERGE,WP06,消费后废塑料,Post-consumer plastic waste
ENT_780f80274cbc257e,post-consumer PE/PP/PS/PVC waste plastics,7,2,4,4,polyethylene (PE) (5); polypropylene (PP) (5); polystyrene (PS) (5); polyvinyl chloride (PVC) (5),MERGE,WP06,消费后废塑料,Post-consumer plastic waste
ENT_2d047f360fdc136b,post-consumer commingled plastic mixture (PE/PP/PVC),7,1,6,3,polyethylene (PE) (7); polypropylene (PP) (7); polyvinyl chloride (PVC) (7),MERGE,WP06,消费后废塑料,Post-consumer plastic waste
ENT_104fe73f37638e61,post-consumer polypropylene waste,7,3,0,1,polypropylene (PP) (4),MERGE,WP06,消费后废塑料,Post-consumer plastic waste
ENT_ea579b8583d8dab6,real plastic solid waste,7,1,5,1,low-density polyethylene (LDPE) (2),MERGE,WP01,单一聚合物废塑料样品,Single-polymer waste plastic
ENT_1c8a32a5143b4dab,rejected plastic,7,2,7,3,polystyrene (PS) (4); polypropylene (PP) (4); polyethylene (PE) (4),MERGE,WP03,多聚合物混合废塑料,Mixed multi-polymer waste
ENT_5fb6c0dbe952f8fd,rigid plastic waste,7,1,6,1,polystyrene (PS) (1),MERGE,WP01,单一聚合物废塑料样品,Single-polymer waste plastic
ENT_4bf217302f2e6b69,wPET,7,2,2,1,polyethylene terephthalate (PET) (2),MERGE,WP01,单一聚合物废塑料样品,Single-polymer waste plastic
ENT_25bc95826b1ba9ea,waste CDs (polycarbonate),7,1,6,1,polycarbonate (PC) (7),MERGE,WP01,单一聚合物废塑料样品,Single-polymer waste plastic
ENT_023237960139e76e,waste buoy,7,1,6,1,polystyrene (PS) (7),MERGE,WP18,渔业/渔网塑料废弃物,Fishery/net plastic waste
ENT_5b724a0c647b58f5,wheat straw,7,5,1,1,polystyrene (PS) (1),DROP,,,生物质/煤/无机物，不属于WastePlastic
ENT_ca5ca2083339b1ae,Mix,6,2,6,3,polypropylene (PP) (3); high-density polyethylene (HDPE) (3); low-density polyethylene (LDPE) (3),MERGE,WP02,混合聚烯烃废塑料,Mixed polyolefin waste
ENT_19822ce66aea6387,Mixed Group 1,6,2,3,6,polyvinyl chloride (PVC) (1); polystyrene (PS) (1); polypropylene (PP) (1); high-density polyethylene (HDPE) (1); low-density polyethylene (LDPE) (1); polyethylene terephthalate (PET) (1),MERGE,WP03,多聚合物混合废塑料,Mixed multi-polymer waste
ENT_030087fe817f5b10,Nylon,6,5,2,3,polyamide (PA) (2); polyethylene terephthalate (PET) (1); polylactic acid (PLA) (1),MERGE,WP03,多聚合物混合废塑料,Mixed multi-polymer waste
ENT_92b79cb480cc8a2e,PE-BL,6,1,6,1,polyethylene (PE) (5),MERGE,WP01,单一聚合物废塑料样品,Single-polymer waste plastic
ENT_d9cf897551215cc8,PET/FOIL/PET,6,3,5,1,polyethylene terephthalate (PET) (1),MERGE,WP01,单一聚合物废塑料样品,Single-polymer waste plastic
ENT_caede1397c3a8e4e,PET/MET/PET,6,1,3,1,polyethylene terephthalate (PET) (2),MERGE,WP01,单一聚合物废塑料样品,Single-polymer waste plastic
ENT_d2f518be2de415ca,PET/MET/PET + polyolefinic mixed plastic waste,6,3,4,3,polyethylene terephthalate (PET) (1); polyethylene (PE) (1); polypropylene (PP) (1),MERGE,WP02,混合聚烯烃废塑料,Mixed polyolefin waste
ENT_513dc88d5579ce37,PU foam waste,6,4,4,1,polyurethane (PU) (5),MERGE,WP21,泡沫/保温塑料废弃物,Foam/insulation plastic waste
ENT_4446254e822945bc,PW#2,6,1,6,0,,REVIEW,,,语义不足，暂不进入受控分类
ENT_1fffc7b3c0eff5da,W-PP,6,1,4,1,polypropylene (PP) (3),MERGE,WP01,单一聚合物废塑料样品,Single-polymer waste plastic
ENT_651a3dd333612eab,WPS-1,6,1,3,1,polystyrene (PS) (4),MERGE,WP01,单一聚合物废塑料样品,Single-polymer waste plastic
ENT_feff7b6e24df3fb5,biomass,6,6,2,0,,DROP,,,生物质/煤/无机物，不属于WastePlastic
ENT_9c4f1eeb8a7032e0,composite LDPE (C/LDPE),6,1,6,1,low-density polyethylene (LDPE) (6),MERGE,WP01,单一聚合物废塑料样品,Single-polymer waste plastic
ENT_1a9f12b724d2f632,daily waste plastics,6,1,3,4,polystyrene (PS) (5); polyethylene (PE) (5); polypropylene (PP) (5); polyethylene terephthalate (PET) (5),MERGE,WP03,多聚合物混合废塑料,Mixed multi-polymer waste
ENT_359477127ffb1851,dehydrochlorinated polyvinyl chloride,6,1,4,2,polyvinyl chloride (PVC) (6); polyethylene (PE) (2),MERGE,WP26,含氯/卤素废塑料,Chlorine/halogen-containing plastic waste
ENT_aba61120f8e45a4b,food container,6,3,3,4,polypropylene (PP) (4); polyethylene (PE) (2); polyvinyl chloride (PVC) (2); ultra-high-molecular-weight polyethylene (UHMWPE) (1),MERGE,WP09,食品包装/餐饮废塑料,Food-packaging/food-service plastic waste
ENT_816a6d890389a836,halogen-containing waste plastics,6,1,0,4,polyvinyl chloride (PVC) (2); polypropylene (PP) (1); polyethylene (PE) (1); polystyrene (PS) (1),MERGE,WP03,多聚合物混合废塑料,Mixed multi-polymer waste
ENT_bf89e8b68e9d222e,high-density plastic waste,6,1,3,1,high-density polyethylene (HDPE) (6),MERGE,WP01,单一聚合物废塑料样品,Single-polymer waste plastic
ENT_a4a497977ddf089e,lignin,6,4,2,1,low-density polyethylene (LDPE) (2),MERGE,WP01,单一聚合物废塑料样品,Single-polymer waste plastic
ENT_da37d369c6b4a855,lignocellulosic biomass,6,4,0,0,,DROP,,,生物质/煤/无机物，不属于WastePlastic
ENT_3baa2fba783b6034,medicine bottles,6,2,2,3,polyethylene (PE) (3); polyolefins (2); polypropylene (PP) (1),MERGE,WP10,饮料瓶/容器废塑料,Bottle/container plastic waste
ENT_5a8940d0fe6b8ae2,medium density polyethylene waste,6,2,3,2,polyethylene (PE) (3); medium-density polyethylene (MDPE) (2),MERGE,WP02,混合聚烯烃废塑料,Mixed polyolefin waste
ENT_9496a75bdc0d6ad6,mixed plastic simulants containing 10% PVC,6,3,4,1,polyvinyl chloride (PVC) (5),MERGE,WP34,实验/模型塑料样品,Experimental/model plastic sample
ENT_3accf9a1148ca821,mixture of PP and PE,6,2,3,2,polypropylene (PP) (4); polyethylene (PE) (4),MERGE,WP02,混合聚烯烃废塑料,Mixed polyolefin waste
ENT_cc6b15fcad4a9f4d,net wrap,6,1,3,1,polyethylene (PE) (4),MERGE,WP01,单一聚合物废塑料样品,Single-polymer waste plastic
ENT_b2a9a1773ded0b56,oil sludge,6,3,0,0,,DROP,,,油/蜡/衍生液体，不属于WastePlastic
ENT_446d3f2274fb5d3d,plastic bag waste,6,3,5,2,polycarbonate (PC) (3); high-density polyethylene (HDPE) (1),MERGE,WP11,袋/薄膜类废塑料,Bag/film plastic waste
ENT_eb74affa2838a3c5,plastic bottle,6,5,3,2,polyethylene terephthalate (PET) (1); ultra-high-molecular-weight polyethylene (UHMWPE) (1),MERGE,WP10,饮料瓶/容器废塑料,Bottle/container plastic waste
ENT_fca24b4f7007e27b,plastic film residue,6,2,3,1,polyethylene (PE) (1),MERGE,WP11,袋/薄膜类废塑料,Bag/film plastic waste
ENT_428c1739cc1f628b,plastic waste sample PW#3,6,1,6,0,,MERGE,WP01,单一聚合物废塑料样品,Single-polymer waste plastic
ENT_b3d9798d2086bbbd,polyamide,6,5,2,1,polyamide (PA) (6),MERGE,WP01,单一聚合物废塑料样品,Single-polymer waste plastic
ENT_9954c214d4a351fd,polyethylene hay bale covers,6,2,2,1,polyethylene (PE) (5),MERGE,WP01,单一聚合物废塑料样品,Single-polymer waste plastic
ENT_bfa8b9b3219baaf3,polyolefin-rich plastic waste,6,4,0,1,polyolefins (1),MERGE,WP02,混合聚烯烃废塑料,Mixed polyolefin waste
ENT_0aec572230a29064,polypropylene packaging waste,6,1,4,1,polypropylene (PP) (6),MERGE,WP08,包装废塑料,Packaging plastic waste
ENT_1d4bec5477808c0e,post-consumer plastic mixture,6,2,4,4,low-density polyethylene (LDPE) (2); high-density polyethylene (HDPE) (1); polypropylene (PP) (1); polyvinyl chloride (PVC) (1),MERGE,WP06,消费后废塑料,Post-consumer plastic waste
ENT_90ac89e2ec93ac09,postconsumer waste,6,2,3,1,polyethylene (PE) (3),MERGE,WP06,消费后废塑料,Post-consumer plastic waste
ENT_76c52485628c3c41,real LDPE waste,6,3,4,1,low-density polyethylene (LDPE) (6),MERGE,WP01,单一聚合物废塑料样品,Single-polymer waste plastic
ENT_40986cf1d05f2563,recycled LDPE,6,3,3,1,low-density polyethylene (LDPE) (6),MERGE,WP30,回收/再生/返工塑料,Recycled/reworked plastic
ENT_8728622f3aba9211,snack bags,6,1,5,2,polyethylene (PE) (1); polypropylene (PP) (1),MERGE,WP11,袋/薄膜类废塑料,Bag/film plastic waste
ENT_0f50989cbc060dbb,solid recovered fuel,6,1,4,0,,MERGE,WP29,RDF/SRF/分选残余塑料,RDF/SRF/sorting-residue plastics
ENT_1ec1088544200042,tennis balls felt,6,1,4,2,polyamide (PA) (1); polyester (1),MERGE,WP03,多聚合物混合废塑料,Mixed multi-polymer waste
ENT_1be8d70e259c8900,tennis balls rubber,6,1,4,0,,MERGE,WP35,特定场景/专用塑料废弃物,Specific-context plastic waste
ENT_e0f07203d6431ba2,virgin polystyrene,6,2,3,1,polystyrene (PS) (6),MERGE,WP01,单一聚合物废塑料样品,Single-polymer waste plastic
ENT_28fe4d30b7a1f248,waste cooking oil,6,3,0,0,,DROP,,,油/蜡/衍生液体，不属于WastePlastic
ENT_46de313bc8c44fc3,waste plastic samples,6,5,0,5,polystyrene (PS) (2); polypropylene (PP) (1); polyethylene (PE) (1); polyvinyl chloride (PVC) (1); polyester (1),MERGE,WP03,多聚合物混合废塑料,Mixed multi-polymer waste
ENT_7c03c2e2dadb254f,waste polyethylene and polypropylene mixture,6,1,0,2,polyethylene (PE) (5); polypropylene (PP) (5),MERGE,WP02,混合聚烯烃废塑料,Mixed polyolefin waste
ENT_e315c2e8e548a1ea,10-year-old landfill plastic,5,1,3,0,,MERGE,WP33,填埋/垃圾场塑料残余,Landfill/dumpsite plastic residue
ENT_98f2c27f3af4c68f,3D printing waste,5,1,1,2,photosensitive resin (2); polycaprolactone (PCL) (2),MERGE,WP03,多聚合物混合废塑料,Mixed multi-polymer waste
ENT_82846a562ebdd42c,BFR-containing plastic,5,1,3,2,acrylonitrile-butadiene-styrene (ABS) (5); polystyrene (PS) (2),MERGE,WP03,多聚合物混合废塑料,Mixed multi-polymer waste
ENT_7b34d45be1fcb092,BFR-containing waste computer housing plastic,5,1,4,1,acrylonitrile-butadiene-styrene (ABS) (5),MERGE,WP01,单一聚合物废塑料样品,Single-polymer waste plastic
ENT_b18bba4cf376c573,Bakelite waste,5,2,0,1,phenolic resin (5),MERGE,WP01,单一聚合物废塑料样品,Single-polymer waste plastic
ENT_641d1d69d5ee5e9a,CD,5,3,4,1,polycarbonate (PC) (4),MERGE,WP01,单一聚合物废塑料样品,Single-polymer waste plastic
ENT_e30587cd93a2fd59,Dowlex,5,1,0,1,polyethylene (PE) (3),MERGE,WP01,单一聚合物废塑料样品,Single-polymer waste plastic
ENT_24a07b3127d8b6e4,EPSW,5,2,0,1,polystyrene (PS) (4),MERGE,WP01,单一聚合物废塑料样品,Single-polymer waste plastic
ENT_2c7ed693b606cd71,GPPS,5,4,3,4,polystyrene (PS) (3); polypropylene (PP) (1); high-density polyethylene (HDPE) (1); low-density polyethylene (LDPE) (1),MERGE,WP03,多聚合物混合废塑料,Mixed multi-polymer waste
ENT_13f58e584da06e25,HIPS waste,5,4,3,1,polystyrene (PS) (3),MERGE,WP01,单一聚合物废塑料样品,Single-polymer waste plastic
ENT_b88327a30d31d12d,IIdPE,5,2,3,2,linear low-density polyethylene (LLDPE) (3); low-density polyethylene (LDPE) (1),MERGE,WP02,混合聚烯烃废塑料,Mixed polyolefin waste
ENT_5cd583c98ac510c7,LCD monitor waste,5,1,3,6,polystyrene (PS) (3); polyacrylonitrile (PAN) (2); polybutadiene (BR) (2); poly(methyl methacrylate) (PMMA) (2); polyethylene terephthalate (PET) (2); polycarbonate (PC) (2),MERGE,WP03,多聚合物混合废塑料,Mixed multi-polymer waste
ENT_8512ee0c82f69574,LDPE and PP,5,4,4,2,low-density polyethylene (LDPE) (5); polypropylene (PP) (5),MERGE,WP02,混合聚烯烃废塑料,Mixed polyolefin waste
ENT_b91b3e5dc108c44b,LDPE/HDPE,5,4,4,2,low-density polyethylene (LDPE) (3); high-density polyethylene (HDPE) (3),MERGE,WP02,混合聚烯烃废塑料,Mixed polyolefin waste
ENT_1b6567cf353389a2,Laminated metallized recycled plastic,5,3,3,1,polyolefins (1),MERGE,WP32,多层/复合/金属化塑料,Multilayer/composite/metallised plastic
ENT_00ad6b66d02423c8,Mixed Group 3,5,1,3,5,high-density polyethylene (HDPE) (1); low-density polyethylene (LDPE) (1); polypropylene (PP) (1); polyethylene terephthalate (PET) (1); polyvinyl chloride (PVC) (1),MERGE,WP03,多聚合物混合废塑料,Mixed multi-polymer waste
ENT_33ffd94de9dc958e,PA,5,5,3,4,polyamide (PA) (4); polyethylene terephthalate (PET) (1); polyethylene (PE) (1); polypropylene (PP) (1),MERGE,WP03,多聚合物混合废塑料,Mixed multi-polymer waste
ENT_d9f84e3944562549,PE and PP mixture,5,4,1,2,polyethylene (PE) (3); polypropylene (PP) (3),MERGE,WP02,混合聚烯烃废塑料,Mixed polyolefin waste
ENT_6b17f00fe2a863d2,PE/PVC,5,2,5,4,polyethylene (PE) (3); polypropylene (PP) (3); polystyrene (PS) (3); polyvinyl chloride (PVC) (3),MERGE,WP03,多聚合物混合废塑料,Mixed multi-polymer waste
ENT_d2628fbb8b7b126b,PEW (PE waste from agricultural sector),5,3,3,1,polyethylene (PE) (5),MERGE,WP12,农业膜/农业废塑料,Agricultural plastic waste
ENT_47b93b342cc14318,PO-rich DKR-350,5,2,2,7,polyethylene (PE) (1); polypropylene (PP) (1); polyvinyl chloride (PVC) (1); polyethylene terephthalate (PET) (1); polystyrene (PS) (1); polyvinylidene chloride (PVDC) (1),MERGE,WP29,RDF/SRF/分选残余塑料,RDF/SRF/sorting-residue plastics
ENT_200a130705f6df5e,PP-BL,5,1,5,1,polypropylene (PP) (4),MERGE,WP01,单一聚合物废塑料样品,Single-polymer waste plastic
ENT_736f11e085e2de41,PP/PE waste,5,5,3,2,polyethylene (PE) (1); polypropylene (PP) (1),MERGE,WP02,混合聚烯烃废塑料,Mixed polyolefin waste
ENT_48c3b0d56fe70448,PP/PVC,5,2,5,4,polypropylene (PP) (5); polyvinyl chloride (PVC) (5); polyethylene (PE) (3); polystyrene (PS) (3),MERGE,WP03,多聚合物混合废塑料,Mixed multi-polymer waste
ENT_84ebd1afd3969db2,PS/PP/PE/PET mixture,5,4,3,4,polystyrene (PS) (3); polypropylene (PP) (3); polyethylene (PE) (3); polyethylene terephthalate (PET) (3),MERGE,WP02,混合聚烯烃废塑料,Mixed polyolefin waste
ENT_4b399b30cb839385,PU waste,5,3,1,1,polyurethane (PU) (4),MERGE,WP01,单一聚合物废塑料样品,Single-polymer waste plastic
ENT_5c222a5770133830,WMPs/sFCC,5,1,2,0,,MERGE,WP35,特定场景/专用塑料废弃物,Specific-context plastic waste
ENT_e7bc2fbb5e75620f,agricultural waste,5,4,4,3,polyolefins (1); low-density polyethylene (LDPE) (1); polyvinyl chloride (PVC) (1),MERGE,WP12,农业膜/农业废塑料,Agricultural plastic waste
ENT_12b2509d050f2de9,aviation cup,5,1,4,1,polystyrene (PS) (3),MERGE,WP01,单一聚合物废塑料样品,Single-polymer waste plastic
ENT_ad8ca72cb3a4afac,battery dismantling waste plastics,5,1,3,4,polypropylene (PP) (4); acrylonitrile-butadiene-styrene (ABS) (4); polyvinyl chloride (PVC) (4); polyethylene (PE) (4),MERGE,WP03,多聚合物混合废塑料,Mixed multi-polymer waste
ENT_c4c8a5654f8fb511,chlorinated plastics,5,2,1,1,polyvinyl chloride (PVC) (3),MERGE,WP26,含氯/卤素废塑料,Chlorine/halogen-containing plastic waste
ENT_29796c820dd33a08,comingled plastics,5,1,5,5,high-density polyethylene (HDPE) (5); low-density polyethylene (LDPE) (5); polypropylene (PP) (5); polyvinyl chloride (PVC) (5); polystyrene (PS) (1),MERGE,WP03,多聚合物混合废塑料,Mixed multi-polymer waste
ENT_d62f9d515bce55aa,compostable bag,5,1,2,1,polylactic acid (PLA) (2),MERGE,WP11,袋/薄膜类废塑料,Bag/film plastic waste
ENT_78f82b8b9d618e9e,cushioning material (CS),5,1,5,1,polyurethane (PU) (5),MERGE,WP21,泡沫/保温塑料废弃物,Foam/insulation plastic waste
ENT_1cf5b6b1fc4726a9,digestate,5,1,0,0,,DROP,,,生物质/煤/无机物，不属于WastePlastic
ENT_7a0f2f22c534dac5,end-of-life plastic,5,2,2,4,low-density polyethylene (LDPE) (1); high-density polyethylene (HDPE) (1); polystyrene (PS) (1); polypropylene (PP) (1),MERGE,WP03,多聚合物混合废塑料,Mixed multi-polymer waste
ENT_ad5d3f50b347ff4a,film rich sample,5,1,3,7,polypropylene (PP) (2); high-density polyethylene (HDPE) (1); polystyrene (PS) (1); polyethylene terephthalate (PET) (1); polyvinyl chloride (PVC) (1); polyethylene (PE) (1),MERGE,WP11,袋/薄膜类废塑料,Bag/film plastic waste
ENT_3b81e01b9332a878,flexible plastic film 7f,5,1,5,0,,MERGE,WP11,袋/薄膜类废塑料,Bag/film plastic waste
ENT_d247e1a4e5599ace,foam box,5,1,4,1,polystyrene (PS) (2),MERGE,WP21,泡沫/保温塑料废弃物,Foam/insulation plastic waste
ENT_ea9a6fe916455b22,glass rich sample,5,1,3,6,polypropylene (PP) (2); high-density polyethylene (HDPE) (1); polystyrene (PS) (1); polyethylene terephthalate (PET) (1); polyvinyl chloride (PVC) (1); polyethylene (PE) (1),MERGE,WP03,多聚合物混合废塑料,Mixed multi-polymer waste
ENT_9b3124a505a5a075,hospital waste plastics (WPs#4),5,1,3,4,polyethylene (PE) (1); polypropylene (PP) (1); polyvinyl chloride (PVC) (1); polystyrene (PS) (1),MERGE,WP16,医疗/PPE废塑料,Medical/PPE plastic waste
ENT_92b2d972578e25bb,low-pressure polyethylene waste,5,1,3,2,polyethylene (PE) (4); high-density polyethylene (HDPE) (1),MERGE,WP02,混合聚烯烃废塑料,Mixed polyolefin waste
ENT_137d7aee19b474e6,medical bottle,5,2,3,0,,MERGE,WP16,医疗/PPE废塑料,Medical/PPE plastic waste
ENT_e4d608fea8a5b3f4,mixed PE/PP/PS,5,5,1,3,polystyrene (PS) (4); polypropylene (PP) (4); polyethylene (PE) (4),MERGE,WP02,混合聚烯烃废塑料,Mixed polyolefin waste
ENT_0bedd8f13d1c8f09,mixed PE/PVC,5,1,4,2,polyethylene (PE) (5); polyvinyl chloride (PVC) (5),MERGE,WP03,多聚合物混合废塑料,Mixed multi-polymer waste
ENT_09f951cfc5276ce0,mixed PW,5,3,4,5,polycarbonate (PC) (1); polyethylene terephthalate (PET) (1); polyethylene (PE) (1); polypropylene (PP) (1); polystyrene (PS) (1),MERGE,WP03,多聚合物混合废塑料,Mixed multi-polymer waste
ENT_ec020671c0fdabaa,mixed agricultural plastic waste,5,1,0,3,low-density polyethylene (LDPE) (2); polypropylene (PP) (2); polyethylene (PE) (1),MERGE,WP12,农业膜/农业废塑料,Agricultural plastic waste
ENT_85e793fc6facbff6,mixed feedstock,5,2,4,3,high-density polyethylene (HDPE) (3); polyethylene terephthalate (PET) (3); polypropylene (PP) (1),MERGE,WP02,混合聚烯烃废塑料,Mixed polyolefin waste
ENT_8bec84d472cfc31e,mixture of plastics,5,4,2,6,high-density polyethylene (HDPE) (1); low-density polyethylene (LDPE) (1); polystyrene (PS) (1); polypropylene (PP) (1); polyethylene terephthalate (PET) (1); polyvinyl chloride (PVC) (1),MERGE,WP03,多聚合物混合废塑料,Mixed multi-polymer waste
ENT_29fbb44ac910cc28,paper mill waste plastics,5,2,0,5,polypropylene (PP) (2); polyethylene (PE) (2); polyvinyl chloride (PVC) (2); polyethylene terephthalate (PET) (2); polystyrene (PS) (1),MERGE,WP03,多聚合物混合废塑料,Mixed multi-polymer waste
ENT_aa813a22947acc07,plastic foam,5,2,4,1,polystyrene (PS) (2),MERGE,WP21,泡沫/保温塑料废弃物,Foam/insulation plastic waste
ENT_a4611f7891e70ba8,plastic glass (EPS),5,1,4,1,polystyrene (PS) (5),MERGE,WP01,单一聚合物废塑料样品,Single-polymer waste plastic
ENT_facbfdde614283e3,plastic waste from the Containers and Packaging Recycling Law,5,1,4,2,polyethylene (PE) (2); polypropylene (PP) (2),MERGE,WP10,饮料瓶/容器废塑料,Bottle/container plastic waste
ENT_634f21cb3f6379fa,poly(3-hydroxybutyrate) (PHB),5,1,0,1,poly(3-hydroxybutyrate) (PHB) (4),MERGE,WP01,单一聚合物废塑料样品,Single-polymer waste plastic
ENT_00569d4bd53f91e2,polyethylene rich raw material,5,2,3,1,polyethylene (PE) (5),MERGE,WP01,单一聚合物废塑料样品,Single-polymer waste plastic
ENT_017f486a06e5fdba,polypropylene cups,5,2,3,3,polypropylene (PP) (5); polyethylene (PE) (3); polyethylene terephthalate (PET) (3),MERGE,WP23,一次性塑料制品,Single-use plastic products
ENT_f96bf827840f38cd,polypropylene glycol,5,1,0,1,polypropylene glycol (PPG) (1),MERGE,WP01,单一聚合物废塑料样品,Single-polymer waste plastic
ENT_279c1106d57b61b7,polystyrene/polyethylene mixture,5,3,3,2,polystyrene (PS) (4); polyethylene (PE) (4),MERGE,WP03,多聚合物混合废塑料,Mixed multi-polymer waste
ENT_64ca4575d8621d53,polyurethane foam,5,3,4,1,polyurethane (PU) (5),MERGE,WP21,泡沫/保温塑料废弃物,Foam/insulation plastic waste
ENT_efb14f0d779bf312,post-consumer PE wastes,5,2,1,1,polyethylene (PE) (5),MERGE,WP06,消费后废塑料,Post-consumer plastic waste
ENT_892e674d90bd125f,post-consumer hospital waste plastics (WPs#4),5,1,3,4,polyethylene (PE) (1); polypropylene (PP) (1); polystyrene (PS) (1); polyvinyl chloride (PVC) (1),MERGE,WP16,医疗/PPE废塑料,Medical/PPE plastic waste
ENT_263b68857bca0bf5,post-consumer marine debris,5,1,3,4,high-density polyethylene (HDPE) (4); polypropylene (PP) (4); polyethylene terephthalate (PET) (4); polystyrene (PS) (4),MERGE,WP17,海洋/海滩塑料垃圾,Marine/beach plastic litter
ENT_38c1450e96fc979f,postconsumer polyolefin wastes,5,2,3,0,,MERGE,WP06,消费后废塑料,Post-consumer plastic waste
ENT_ec67294cfc542cfb,"real MSW (mix of food waste, PVC and lignocellulose)",5,2,5,4,polyvinyl chloride (PVC) (2); polypropylene (PP) (1); low-density polyethylene (LDPE) (1); high-density polyethylene (HDPE) (1),MERGE,WP03,多聚合物混合废塑料,Mixed multi-polymer waste
ENT_1db3b5cb3890d04b,rigid plastic 7r,5,1,5,0,,MERGE,WP01,单一聚合物废塑料样品,Single-polymer waste plastic
ENT_079bf969bba35589,styrene methyl methacrylate,5,1,3,2,styrene-methyl methacrylate copolymer (SMMA) (4); polystyrene (PS) (1),MERGE,WP03,多聚合物混合废塑料,Mixed multi-polymer waste
ENT_6494bc4bf9fcfe11,styrofoam (PS),5,2,4,1,polystyrene (PS) (1),MERGE,WP21,泡沫/保温塑料废弃物,Foam/insulation plastic waste
ENT_9b2cdf0afeefee1e,tennis ball,5,2,0,1,polyamide (PA) (1),MERGE,WP01,单一聚合物废塑料样品,Single-polymer waste plastic
ENT_82403d2aab3ca69e,twine 1,5,1,3,1,polypropylene (PP) (3),MERGE,WP01,单一聚合物废塑料样品,Single-polymer waste plastic
ENT_a407b6e9aef25b88,twine 2,5,1,3,1,polypropylene (PP) (3),MERGE,WP01,单一聚合物废塑料样品,Single-polymer waste plastic
ENT_935814565bc67e37,unsorted plastic waste,5,5,0,5,polyethylene (PE) (1); polypropylene (PP) (1); polyethylene terephthalate (PET) (1); polystyrene (PS) (1); polyurethane (PU) (1),MERGE,WP03,多聚合物混合废塑料,Mixed multi-polymer waste
ENT_a413630665b472d3,wPP1,5,1,2,1,polypropylene (PP) (2),MERGE,WP01,单一聚合物废塑料样品,Single-polymer waste plastic
ENT_37f02b14e453553b,wPP2,5,1,2,1,polypropylene (PP) (2),MERGE,WP01,单一聚合物废塑料样品,Single-polymer waste plastic
ENT_6884ab9cd275ff1f,waste PP-LDPE,5,1,5,2,polypropylene (PP) (5); low-density polyethylene (LDPE) (5),MERGE,WP02,混合聚烯烃废塑料,Mixed polyolefin waste
ENT_dd5d12efeece5ad8,waste nitrile gloves,5,3,3,2,nitrile rubber (NBR) (2); polystyrene (PS) (2),MERGE,WP03,多聚合物混合废塑料,Mixed multi-polymer waste
ENT_922ace86bdfefb2d,waste plastic bottles,5,4,3,1,polyethylene (PE) (2),MERGE,WP10,饮料瓶/容器废塑料,Bottle/container plastic waste
ENT_78a834a41afb9975,waste printed circuit boards,5,2,3,1,epoxy resin (1),MERGE,WP01,单一聚合物废塑料样品,Single-polymer waste plastic
ENT_683411ae76084424,45%HDPE-A + 45%HDP,4,1,3,1,high-density polyethylene (HDPE) (7),MERGE,WP01,单一聚合物废塑料样品,Single-polymer waste plastic
ENT_6696d444af0ba3a5,50%HDPE-A + 50%HDPE-B,4,2,3,1,high-density polyethylene (HDPE) (4),MERGE,WP01,单一聚合物废塑料样品,Single-polymer waste plastic
ENT_43aca4d19a715f3e,APET/PE,4,1,4,2,polyethylene terephthalate (PET) (1); polyethylene (PE) (1),MERGE,WP02,混合聚烯烃废塑料,Mixed polyolefin waste
ENT_d37f006929c71ddd,Borecene,4,1,0,1,polyethylene (PE) (3),MERGE,WP01,单一聚合物废塑料样品,Single-polymer waste plastic
ENT_cf83a49373786d63,"Br, Sb-PS",4,1,4,1,polystyrene (PS) (3),MERGE,WP01,单一聚合物废塑料样品,Single-polymer waste plastic
ENT_7b5e0bc8e761677c,EVA-12 resin,4,1,4,1,ethylene-vinyl acetate (EVA) (3),MERGE,WP01,单一聚合物废塑料样品,Single-polymer waste plastic
ENT_ab2cb93d2ea47f9d,Escorene,4,1,0,1,polyethylene (PE) (3),MERGE,WP01,单一聚合物废塑料样品,Single-polymer waste plastic
ENT_5234bb3471033efa,HCP,4,2,3,1,polyvinyl chloride (PVC) (1),MERGE,WP01,单一聚合物废塑料样品,Single-polymer waste plastic
ENT_5736e797b71bf787,HDPE packaging bags,4,1,3,1,high-density polyethylene (HDPE) (3),MERGE,WP08,包装废塑料,Packaging plastic waste
ENT_32e124895546185f,HDPE plastic bottles,4,3,2,1,high-density polyethylene (HDPE) (4),MERGE,WP10,饮料瓶/容器废塑料,Bottle/container plastic waste
ENT_c201cc42fa02c945,HDPE type waste plastics,4,1,1,1,high-density polyethylene (HDPE) (2),MERGE,WP01,单一聚合物废塑料样品,Single-polymer waste plastic
ENT_2a09e4a59a468d2e,HDPE-B,4,1,4,1,high-density polyethylene (HDPE) (3),MERGE,WP01,单一聚合物废塑料样品,Single-polymer waste plastic
ENT_36a409a6709762d9,HDPE-PET mixture,4,1,3,2,high-density polyethylene (HDPE) (4); polyethylene terephthalate (PET) (4),MERGE,WP02,混合聚烯烃废塑料,Mixed polyolefin waste
ENT_fa652959bad3a1c0,HIPS plastic,4,2,4,1,polystyrene (PS) (3),MERGE,WP01,单一聚合物废塑料样品,Single-polymer waste plastic
ENT_70a78248ca39dbf3,HPDE,4,2,4,1,high-density polyethylene (HDPE) (3),MERGE,WP01,单一聚合物废塑料样品,Single-polymer waste plastic
ENT_52565a95f291e4c3,LDPE droppers,4,1,3,1,low-density polyethylene (LDPE) (4),MERGE,WP16,医疗/PPE废塑料,Medical/PPE plastic waste
ENT_1c9d0780234b4b0c,LDPE powder,4,4,0,1,low-density polyethylene (LDPE) (3),MERGE,WP31,颗粒/粉末/片料/碎料,Pellet/powder/flake/shredded plastic
ENT_54ff9c089c6b5426,LDPE waste product,4,1,2,1,low-density polyethylene (LDPE) (2),MERGE,WP01,单一聚合物废塑料样品,Single-polymer waste plastic
ENT_7a54da573049c6eb,LDPE ziplock bags,4,1,3,1,low-density polyethylene (LDPE) (2),MERGE,WP11,袋/薄膜类废塑料,Bag/film plastic waste
ENT_f4ffeb2955c0c920,LDPE/HDPE/PP mix,4,1,4,3,low-density polyethylene (LDPE) (1); high-density polyethylene (HDPE) (1); polypropylene (PP) (1),MERGE,WP02,混合聚烯烃废塑料,Mixed polyolefin waste
ENT_59823c0dfc128f58,LDPE/HDPE/PP/PS/PET mix,4,1,4,5,low-density polyethylene (LDPE) (1); high-density polyethylene (HDPE) (1); polypropylene (PP) (1); polystyrene (PS) (1); polyethylene terephthalate (PET) (1),MERGE,WP02,混合聚烯烃废塑料,Mixed polyolefin waste
ENT_fc5f6cb1a6f7adcf,LDPE/PP mixture,4,4,1,2,low-density polyethylene (LDPE) (3); polypropylene (PP) (3),MERGE,WP02,混合聚烯烃废塑料,Mixed polyolefin waste
ENT_f0f59e546ec8a977,LLDPE wrap,4,2,3,1,linear low-density polyethylene (LLDPE) (3),MERGE,WP01,单一聚合物废塑料样品,Single-polymer waste plastic
ENT_7bd42a00df37a1db,Labor PE,4,2,4,1,polyethylene (PE) (4),MERGE,WP01,单一聚合物废塑料样品,Single-polymer waste plastic
ENT_ca3df2386e9500fc,MBPW,4,1,4,2,linear low-density polyethylene (LLDPE) (2); high-density polyethylene (HDPE) (1),MERGE,WP02,混合聚烯烃废塑料,Mixed polyolefin waste
ENT_0accc62b07fafd2c,MEA,4,1,0,2,Nafion (1); polytetrafluoroethylene (PTFE) (1),MERGE,WP03,多聚合物混合废塑料,Mixed multi-polymer waste
ENT_a01fc85dfd7e1f2e,PBT,4,4,3,1,polybutylene terephthalate (PBT) (2),MERGE,WP01,单一聚合物废塑料样品,Single-polymer waste plastic
ENT_d722d591180a0740,PE (bubble wrap),4,1,3,3,polyethylene (PE) (4); polypropylene (PP) (3); polyethylene terephthalate (PET) (3),MERGE,WP02,混合聚烯烃废塑料,Mixed polyolefin waste
ENT_c922a7718224693f,"PE, PP, and PS (mixture)",4,2,4,3,polyethylene (PE) (3); polypropylene (PP) (3); polystyrene (PS) (3),MERGE,WP03,多聚合物混合废塑料,Mixed multi-polymer waste
ENT_df7a025902205bf9,PEPP9 waste,4,1,4,2,polyethylene (PE) (3); polypropylene (PP) (3),MERGE,WP02,混合聚烯烃废塑料,Mixed polyolefin waste
ENT_857346d265532333,PET powder,4,1,3,1,polyethylene terephthalate (PET) (3),MERGE,WP31,颗粒/粉末/片料/碎料,Pellet/powder/flake/shredded plastic
ENT_98e77ad0557bcaac,PET-containing feeds,4,1,1,1,polyethylene terephthalate (PET) (2),MERGE,WP01,单一聚合物废塑料样品,Single-polymer waste plastic
ENT_5cfb0c0f16165028,PET/PVC mixture,4,3,3,2,polyethylene terephthalate (PET) (3); polyvinyl chloride (PVC) (2),MERGE,WP03,多聚合物混合废塑料,Mixed multi-polymer waste
ENT_3723cc9d020dab2c,PLA Cups,4,2,3,1,polylactic acid (PLA) (4),MERGE,WP01,单一聚合物废塑料样品,Single-polymer waste plastic
ENT_5fb3465e712d6f9a,PLA straws,4,2,1,1,polylactic acid (PLA) (2),MERGE,WP23,一次性塑料制品,Single-use plastic products
ENT_be0eb71df50865eb,PLA/DP mix,4,1,0,1,polylactic acid (PLA) (1),MERGE,WP01,单一聚合物废塑料样品,Single-polymer waste plastic
ENT_6dc831e7d0b90b1f,PP and PE,4,4,0,0,,MERGE,WP02,混合聚烯烃废塑料,Mixed polyolefin waste
ENT_3704edb6963fe233,PP waste product,4,2,3,1,polypropylene (PP) (4),MERGE,WP01,单一聚合物废塑料样品,Single-polymer waste plastic
ENT_432fbc4949371af4,PP woven bag,4,2,1,1,polypropylene (PP) (3),MERGE,WP11,袋/薄膜类废塑料,Bag/film plastic waste
ENT_2487cad7f4b7e0a6,PS and PP mixture,4,3,1,2,polypropylene (PP) (2); polystyrene (PS) (2),MERGE,WP03,多聚合物混合废塑料,Mixed multi-polymer waste
ENT_be64590201ed7507,PS pellets,4,1,2,1,polystyrene (PS) (3),MERGE,WP31,颗粒/粉末/片料/碎料,Pellet/powder/flake/shredded plastic
ENT_0b686611cba401d4,PS/PE waste,4,2,2,2,polystyrene (PS) (3); polyethylene (PE) (3),MERGE,WP03,多聚合物混合废塑料,Mixed multi-polymer waste
ENT_48748596ceda2e29,PVC-containing WEEE plastics,4,3,2,1,polyvinyl chloride (PVC) (3),MERGE,WP13,WEEE/电子电器废塑料,WEEE/electronic plastic waste
ENT_2221d922b95ca6da,PVC-containing municipal solid waste,4,2,0,4,polyvinyl chloride (PVC) (3); polyethylene (PE) (2); polypropylene (PP) (2); polystyrene (PS) (2),MERGE,WP03,多聚合物混合废塑料,Mixed multi-polymer waste
ENT_82e12c75ee3f00be,Polyethylene bottles,4,3,1,1,polyethylene (PE) (3),MERGE,WP10,饮料瓶/容器废塑料,Bottle/container plastic waste
ENT_3f5d2749bb56c69e,Pure PP,4,2,2,1,polypropylene (PP) (3),MERGE,WP01,单一聚合物废塑料样品,Single-polymer waste plastic
ENT_8a7b68c6e2e93fa2,RLW,4,1,3,1,polyolefins (1),MERGE,WP01,单一聚合物废塑料样品,Single-polymer waste plastic
ENT_88f4d1ebc1741ecd,UBS feedstock,4,1,2,3,polylactic acid (PLA) (3); polybutylene adipate terephthalate (PBAT) (3); polybutylene succinate adipate (PBSA) (3),MERGE,WP03,多聚合物混合废塑料,Mixed multi-polymer waste
ENT_0cb84819009cf20a,US-average mix plastic waste,4,1,3,0,,MERGE,WP01,单一聚合物废塑料样品,Single-polymer waste plastic
ENT_48c5b7025d923471,VPS,4,1,3,1,polystyrene (PS) (3),MERGE,WP01,单一聚合物废塑料样品,Single-polymer waste plastic
ENT_420ecd46f3f5013f,WPS-3,4,1,2,1,polystyrene (PS) (1),MERGE,WP21,泡沫/保温塑料废弃物,Foam/insulation plastic waste
ENT_01b241eb2fd01ce3,Ziploc bag,4,3,2,1,polyethylene (PE) (4),MERGE,WP11,袋/薄膜类废塑料,Bag/film plastic waste
ENT_e9af0f598e019ad9,bottles,4,3,3,1,polyethylene (PE) (2),MERGE,WP10,饮料瓶/容器废塑料,Bottle/container plastic waste
ENT_03f56c3fec0e7bf4,coal fly ash,4,1,0,0,,DROP,,,生物质/煤/无机物，不属于WastePlastic
ENT_47ffbec907c6a20d,compact polystyrene,4,1,3,1,polystyrene (PS) (4),MERGE,WP01,单一聚合物废塑料样品,Single-polymer waste plastic
ENT_bc869fe9b78cf4c8,compostable bioplastic bag,4,1,2,1,polybutylene adipate terephthalate (PBAT) (1),MERGE,WP11,袋/薄膜类废塑料,Bag/film plastic waste
ENT_145a005cae44dbee,date pits (DP),4,1,0,1,polylactic acid (PLA) (1),DROP,,,生物质/煤/无机物，不属于WastePlastic
ENT_5e15cb1981e506ac,flax waste,4,1,0,0,,DROP,,,生物质/煤/无机物，不属于WastePlastic
ENT_b344b8f9cd2a1eda,food packaging soft plastics (LDPE),4,1,3,0,,MERGE,WP09,食品包装/餐饮废塑料,Food-packaging/food-service plastic waste
ENT_c3ff3d0e9d0cd2b0,hard to recycle plastic,4,1,3,3,low-density polyethylene (LDPE) (4); high-density polyethylene (HDPE) (4); polypropylene (PP) (4),MERGE,WP02,混合聚烯烃废塑料,Mixed polyolefin waste
ENT_e306bb832ed62eb2,high-density polyethylene microplastics,4,1,3,1,high-density polyethylene (HDPE) (4),MERGE,WP28,微塑料/塑料碎片,Microplastic/plastic fragments
ENT_97d2fa79f18ceba3,hospital waste,4,2,4,4,high-density polyethylene (HDPE) (3); low-density polyethylene (LDPE) (3); polypropylene (PP) (3); polystyrene (PS) (3),MERGE,WP16,医疗/PPE废塑料,Medical/PPE plastic waste
ENT_3d1e1f1198133b8a,lightweight packaging polystyrene from municipal collection,4,1,1,1,polystyrene (PS) (3),MERGE,WP08,包装废塑料,Packaging plastic waste
ENT_3905e7070f24acf1,loop dryer residue,4,1,2,0,,MERGE,WP35,特定场景/专用塑料废弃物,Specific-context plastic waste
ENT_56107ff48fffc4df,low-density polyethylene film,4,1,3,1,low-density polyethylene (LDPE) (4),MERGE,WP11,袋/薄膜类废塑料,Bag/film plastic waste
ENT_0d6503e5be26618c,medical coverall,4,1,2,0,,MERGE,WP16,医疗/PPE废塑料,Medical/PPE plastic waste
ENT_aa85b38892a3c8de,medical mask,4,1,2,0,,MERGE,WP16,医疗/PPE废塑料,Medical/PPE plastic waste
ENT_eb3709d189f2eac1,mixed plastic wastes (PE/PP/PS),4,3,4,3,polystyrene (PS) (1); polyethylene (PE) (1); polypropylene (PP) (1),MERGE,WP02,混合聚烯烃废塑料,Mixed polyolefin waste
ENT_d55cfe5f20f7d257,mixed-density HDPE/LDPE plastics,4,1,3,2,high-density polyethylene (HDPE) (4); low-density polyethylene (LDPE) (4),MERGE,WP02,混合聚烯烃废塑料,Mixed polyolefin waste
ENT_01b106411b0ee3f6,mixture of plastic waste (PS+PVC+PET),4,1,2,3,polystyrene (PS) (2); polyvinyl chloride (PVC) (2); polyethylene terephthalate (PET) (2),MERGE,WP03,多聚合物混合废塑料,Mixed multi-polymer waste
ENT_b069e60ca98c516d,model waste plastics,4,2,2,6,polypropylene (PP) (1); polystyrene (PS) (1); polyethylene (PE) (1); low-density polyethylene (LDPE) (1); high-density polyethylene (HDPE) (1); polyvinyl chloride (PVC) (1),MERGE,WP34,实验/模型塑料样品,Experimental/model plastic sample
ENT_11745de63b80a060,multilayer packaging,4,4,1,3,polypropylene (PP) (1); polyethylene terephthalate (PET) (1); polyethylene (PE) (1),MERGE,WP32,多层/复合/金属化塑料,Multilayer/composite/metallised plastic
ENT_cf024ccf413ceaf4,packaging trays,4,2,1,3,polypropylene (PP) (2); high-density polyethylene (HDPE) (1); polyethylene (PE) (1),MERGE,WP08,包装废塑料,Packaging plastic waste
ENT_305b3114218c7dd7,phenolic resin waste,4,1,3,1,phenolic resin (3),MERGE,WP01,单一聚合物废塑料样品,Single-polymer waste plastic
ENT_5a9bcd0c3430d45d,plastic mixture (PE/PP/PVC),4,1,3,3,polyethylene (PE) (1); polypropylene (PP) (1); polyvinyl chloride (PVC) (1),MERGE,WP02,混合聚烯烃废塑料,Mixed polyolefin waste
ENT_d81d61552f44d68e,plastic optical cable waste,4,1,0,2,poly(methyl methacrylate) (PMMA) (2); ethylene-vinyl acetate (EVA) (2),MERGE,WP22,电缆/电线绝缘塑料,Cable/wire insulation plastic
ENT_e2d19644ccc9927c,plastics from waste refrigerators,4,1,3,0,,MERGE,WP13,WEEE/电子电器废塑料,WEEE/electronic plastic waste
ENT_685856b20dd82ca9,polyamide 6,4,3,1,2,polyamide 6 (PA6) (3); polyamide (PA) (1),MERGE,WP03,多聚合物混合废塑料,Mixed multi-polymer waste
ENT_e09c0eeb4bca9794,polyamide 66 waste,4,3,2,1,polyamide 66 (PA66) (2),MERGE,WP01,单一聚合物废塑料样品,Single-polymer waste plastic
ENT_c708270a71fd555f,polyamide waste,4,4,2,6,polyamide (PA) (4); polyethylene (PE) (1); polypropylene (PP) (1); polyvinyl chloride (PVC) (1); polyethylene terephthalate (PET) (1); polystyrene (PS) (1),MERGE,WP03,多聚合物混合废塑料,Mixed multi-polymer waste
ENT_d78992fdef20ecd2,polybutylene terephthalate,4,4,0,1,polybutylene terephthalate (PBT) (4),MERGE,WP01,单一聚合物废塑料样品,Single-polymer waste plastic
ENT_292c27667ab822b2,polyester,4,4,1,1,polyester (3),MERGE,WP01,单一聚合物废塑料样品,Single-polymer waste plastic
ENT_63eaf36161fac6a9,polyester waste plastics,4,3,1,1,polyester (2),MERGE,WP01,单一聚合物废塑料样品,Single-polymer waste plastic
ENT_8b94a99154f0cf01,polyethene,4,1,2,1,polyethylene (PE) (3),MERGE,WP01,单一聚合物废塑料样品,Single-polymer waste plastic
ENT_46d00db1646379e5,polyisoprene waste,4,1,0,1,polyisoprene (4),MERGE,WP01,单一聚合物废塑料样品,Single-polymer waste plastic
ENT_fc6eb4b86eefae86,polytetrafluoroethylene waste,4,3,2,1,polytetrafluoroethylene (PTFE) (3),MERGE,WP01,单一聚合物废塑料样品,Single-polymer waste plastic
ENT_3e7b2f163e0ddec4,"post-consumer mixture (PS, PP, and LDPE)",4,1,3,3,polystyrene (PS) (1); polypropylene (PP) (1); low-density polyethylene (LDPE) (1),MERGE,WP06,消费后废塑料,Post-consumer plastic waste
ENT_2a66c26ba41877b2,post-use HDPE,4,1,3,1,high-density polyethylene (HDPE) (4),MERGE,WP01,单一聚合物废塑料样品,Single-polymer waste plastic
ENT_09803f4a802a0608,postconsumer HDPE,4,1,4,1,high-density polyethylene (HDPE) (4),MERGE,WP06,消费后废塑料,Post-consumer plastic waste
ENT_f334747df091af26,postconsumer PP,4,1,4,1,polypropylene (PP) (4),MERGE,WP06,消费后废塑料,Post-consumer plastic waste
ENT_45cc00c405992ad0,postconsumer commingled plastic mixture (PE/PP/PS/PVC),4,1,3,4,polyethylene (PE) (4); polypropylene (PP) (4); polystyrene (PS) (4); polyvinyl chloride (PVC) (4),MERGE,WP06,消费后废塑料,Post-consumer plastic waste
ENT_e530614898727702,pure LDPE,4,2,0,1,low-density polyethylene (LDPE) (3),MERGE,WP01,单一聚合物废塑料样品,Single-polymer waste plastic
ENT_4a8407586ec921ca,purified water bottles,4,2,0,2,polyethylene terephthalate (PET) (1); polyester (1),MERGE,WP10,饮料瓶/容器废塑料,Bottle/container plastic waste
ENT_023913e62c1902ea,real LDPE bottle,4,1,3,1,low-density polyethylene (LDPE) (3),MERGE,WP10,饮料瓶/容器废塑料,Bottle/container plastic waste
ENT_fc4f485ca80dcf05,recalcitrant plastic waste,4,1,3,0,,MERGE,WP01,单一聚合物废塑料样品,Single-polymer waste plastic
ENT_5e8f3afabf17e7c0,recycled high-impact polystyrene,4,1,3,2,polystyrene (PS) (4); low-density polyethylene (LDPE) (3),MERGE,WP30,回收/再生/返工塑料,Recycled/reworked plastic
ENT_283d9f47d3b2a6c6,saline bottle,4,2,1,2,low-density polyethylene (LDPE) (1); polypropylene (PP) (1),MERGE,WP16,医疗/PPE废塑料,Medical/PPE plastic waste
ENT_0487eb80feee572b,thermoplastic waste,4,4,0,6,low-density polyethylene (LDPE) (2); polypropylene (PP) (2); polystyrene (PS) (2); high-density polyethylene (HDPE) (1); polyvinyl chloride (PVC) (1); polyethylene terephthalate (PET) (1),MERGE,WP03,多聚合物混合废塑料,Mixed multi-polymer waste
ENT_977eb69606fe8d4a,thermoplastics,4,4,0,6,polypropylene (PP) (2); polyethylene (PE) (2); polyvinyl chloride (PVC) (2); polyethylene terephthalate (PET) (2); polystyrene (PS) (1); polyphthalamide (PPA) (1),MERGE,WP03,多聚合物混合废塑料,Mixed multi-polymer waste
ENT_575fb26cbb637f09,virgin PE,4,2,3,1,polyethylene (PE) (4),MERGE,WP01,单一聚合物废塑料样品,Single-polymer waste plastic
ENT_df4c5ae05331040d,virgin plastic mix,4,2,1,3,polypropylene (PP) (2); low-density polyethylene (LDPE) (1); polyethylene (PE) (1),MERGE,WP02,混合聚烯烃废塑料,Mixed polyolefin waste
ENT_8322db5dc8e26673,waste LDPE polymer,4,3,2,1,low-density polyethylene (LDPE) (3),MERGE,WP01,单一聚合物废塑料样品,Single-polymer waste plastic
ENT_e68e354f980b5dd4,waste engine oil,4,1,0,0,,DROP,,,油/蜡/衍生液体，不属于WastePlastic
ENT_f75fefe241511b89,waste plastic heavy distillate,4,1,2,0,,DROP,,,油/蜡/衍生液体，不属于WastePlastic
ENT_27782ac17b854453,waste plastic-type 1,4,1,3,1,polypropylene (PP) (2),MERGE,WP01,单一聚合物废塑料样品,Single-polymer waste plastic
ENT_5d9ebaf5fa8170b6,waste plastic-type 2,4,1,3,0,,MERGE,WP01,单一聚合物废塑料样品,Single-polymer waste plastic
ENT_f626150c36904cdc,"waste plastics (PE, PP, PS)",4,3,2,3,polystyrene (PS) (4); polyethylene (PE) (4); polypropylene (PP) (4),MERGE,WP02,混合聚烯烃废塑料,Mixed polyolefin waste
ENT_35f5aa72dd4bfc50,waste plastics pyrolysis oil distillation residue,4,1,2,0,,DROP,,,油/蜡/衍生液体，不属于WastePlastic
ENT_0343e9f04109d663,waste polymeric reverse osmosis membranes,4,1,3,0,,MERGE,WP35,特定场景/专用塑料废弃物,Specific-context plastic waste
ENT_1cb7282b3ec060b3,45%HDPE-A + 45%LDPE-B + 10%PS,3,2,2,3,high-density polyethylene (HDPE) (2); low-density polyethylene (LDPE) (2); polystyrene (PS) (2),MERGE,WP03,多聚合物混合废塑料,Mixed multi-polymer waste
ENT_de7d5c12d0c152e2,47.5%HDPE-A + 47.5%LDPE-B + 5%PS,3,2,2,3,high-density polyethylene (HDPE) (2); low-density polyethylene (LDPE) (2); polystyrene (PS) (2),MERGE,WP03,多聚合物混合废塑料,Mixed multi-polymer waste
ENT_192c7ee20adf98ae,80% PP + 20% PS,3,2,2,2,polypropylene (PP) (3); polystyrene (PS) (3),MERGE,WP03,多聚合物混合废塑料,Mixed multi-polymer waste
ENT_6c0a36ce1b2a1331,BOPP/MET/BOPP + Polyolefinic mixed plastic waste,3,1,2,0,,MERGE,WP03,多聚合物混合废塑料,Mixed multi-polymer waste
ENT_3d7319998e2bab59,BOPP/METBOPP,3,1,2,1,polypropylene (PP) (1),MERGE,WP01,单一聚合物废塑料样品,Single-polymer waste plastic
ENT_33808cadc57509a0,BOPP/METBOPP + mixed plastic waste,3,1,2,2,polypropylene (PP) (2); polyethylene (PE) (1),MERGE,WP02,混合聚烯烃废塑料,Mixed polyolefin waste
ENT_9cc6a1add39192a6,CDs,3,1,3,1,polycarbonate (PC) (3),MERGE,WP01,单一聚合物废塑料样品,Single-polymer waste plastic
ENT_e894349f679c417a,Centrifuge tube,3,2,1,1,polypropylene (PP) (1),MERGE,WP16,医疗/PPE废塑料,Medical/PPE plastic waste
ENT_50882828f77b3dea,Colored Waste PP,3,1,2,1,polypropylene (PP) (2),MERGE,WP01,单一聚合物废塑料样品,Single-polymer waste plastic
ENT_0751988c00b2d68f,DKR 310 plastic,3,1,2,2,polyethylene (PE) (3); polyethylene terephthalate (PET) (1),MERGE,WP02,混合聚烯烃废塑料,Mixed polyolefin waste
ENT_0ef3c6eb374b6ca4,DKR-350 mixed plastic waste,3,1,0,4,polyethylene (PE) (1); polypropylene (PP) (1); polystyrene (PS) (1); polyethylene terephthalate (PET) (1),MERGE,WP29,RDF/SRF/分选残余塑料,RDF/SRF/sorting-residue plastics
ENT_a16238f18c0679be,DSD plastic,3,1,3,3,polyethylene (PE) (1); polypropylene (PP) (1); polystyrene (PS) (1),MERGE,WP03,多聚合物混合废塑料,Mixed multi-polymer waste
ENT_9ea7ecf4cb980c1c,Econward Pellets (EP),3,1,2,0,,MERGE,WP31,颗粒/粉末/片料/碎料,Pellet/powder/flake/shredded plastic
ENT_30aa99feccebd382,FNW,3,1,1,1,high-density polyethylene (HDPE) (1),MERGE,WP01,单一聚合物废塑料样品,Single-polymer waste plastic
ENT_b68b09904d164bee,HDPE and toothpaste packaging,3,1,2,1,high-density polyethylene (HDPE) (1),MERGE,WP08,包装废塑料,Packaging plastic waste
ENT_b92a2655333266c5,HDPE medical plastics,3,1,1,2,high-density polyethylene (HDPE) (2); low-density polyethylene (LDPE) (1),MERGE,WP16,医疗/PPE废塑料,Medical/PPE plastic waste
ENT_4fec23655b25793a,HDPE waste product,3,1,2,1,high-density polyethylene (HDPE) (2),MERGE,WP01,单一聚合物废塑料样品,Single-polymer waste plastic
ENT_76a496ba3aab35a5,HDPE/PS mixture,3,1,3,2,high-density polyethylene (HDPE) (3); polystyrene (PS) (3),MERGE,WP03,多聚合物混合废塑料,Mixed multi-polymer waste
ENT_59b2b4f0c023a3cd,LDPE agricultural ground film,3,1,1,1,low-density polyethylene (LDPE) (3),MERGE,WP12,农业膜/农业废塑料,Agricultural plastic waste
ENT_d9ab0e0b71e99ace,LDPE pyrolysis oil,3,1,2,1,low-density polyethylene (LDPE) (3),DROP,,,油/蜡/衍生液体，不属于WastePlastic
ENT_c86a17ccbff9159f,LDPE waste plastic bottle,3,1,2,1,low-density polyethylene (LDPE) (3),MERGE,WP10,饮料瓶/容器废塑料,Bottle/container plastic waste
ENT_86ea3e402ad98e5a,LMW plastic parts,3,1,3,5,polystyrene (PS) (1); acrylonitrile-butadiene-styrene (ABS) (1); poly(methyl methacrylate) (PMMA) (1); polyethylene terephthalate (PET) (1); polycarbonate (PC) (1),MERGE,WP03,多聚合物混合废塑料,Mixed multi-polymer waste
ENT_c433a8b67bb58a42,LPPW,3,1,1,1,polyethylene (PE) (1),MERGE,WP01,单一聚合物废塑料样品,Single-polymer waste plastic
ENT_25052b59aa4f18dd,Low-Density polyethylene solid waste,3,1,3,1,low-density polyethylene (LDPE) (3),MERGE,WP01,单一聚合物废塑料样品,Single-polymer waste plastic
ENT_e482019619f10683,MET/BOPP waste,3,2,3,2,polypropylene (PP) (3); polyethylene terephthalate (PET) (2),MERGE,WP02,混合聚烯烃废塑料,Mixed polyolefin waste
ENT_bb84936f66238612,MF,3,1,3,1,polyethylene (PE) (3),MERGE,WP01,单一聚合物废塑料样品,Single-polymer waste plastic
ENT_5988422c23468521,MR(2),3,1,2,3,polyethylene (PE) (3); polypropylene (PP) (3); polystyrene (PS) (3),MERGE,WP03,多聚合物混合废塑料,Mixed multi-polymer waste
ENT_c7ee4ac3ff551aa0,Malaysia plastic waste mixture,3,1,3,4,low-density polyethylene (LDPE) (3); high-density polyethylene (HDPE) (3); polystyrene (PS) (3); polypropylene (PP) (3),MERGE,WP03,多聚合物混合废塑料,Mixed multi-polymer waste
ENT_a71ee40fd0089b01,Metal-loaded PVC,3,1,3,1,polyvinyl chloride (PVC) (3),MERGE,WP01,单一聚合物废塑料样品,Single-polymer waste plastic
ENT_06145b47bc07f2c9,Metallized recycle plastic,3,1,2,1,polyethylene (PE) (1),MERGE,WP32,多层/复合/金属化塑料,Multilayer/composite/metallised plastic
ENT_14e78ca8f87d73e6,PA waste,3,3,0,1,polyamide (PA) (2),MERGE,WP01,单一聚合物废塑料样品,Single-polymer waste plastic
ENT_88588b57154c8a93,PC waste plastic,3,2,2,1,polycarbonate (PC) (3),MERGE,WP01,单一聚合物废塑料样品,Single-polymer waste plastic
ENT_1c0d8b1783722fd7,PCL,3,2,1,2,polycaprolactone (PCL) (3); polyethylene terephthalate (PET) (1),MERGE,WP03,多聚合物混合废塑料,Mixed multi-polymer waste
ENT_67344809cb3cf029,PCW HDPE,3,1,2,1,high-density polyethylene (HDPE) (3),MERGE,WP06,消费后废塑料,Post-consumer plastic waste
ENT_3ff95fc78790aeb3,PE pellets,3,3,1,1,polyethylene (PE) (2),MERGE,WP31,颗粒/粉末/片料/碎料,Pellet/powder/flake/shredded plastic
ENT_a70a6c2d8b5764b8,PE powder,3,2,1,1,polyethylene (PE) (1),MERGE,WP31,颗粒/粉末/片料/碎料,Pellet/powder/flake/shredded plastic
ENT_2fdab79022fadf78,"PE, PP, PS, PET, and PVC (mixture)",3,1,3,5,polyethylene (PE) (1); polypropylene (PP) (1); polystyrene (PS) (1); polyethylene terephthalate (PET) (1); polyvinyl chloride (PVC) (1),MERGE,WP03,多聚合物混合废塑料,Mixed multi-polymer waste
ENT_6f97db4693ec91d2,PE/LCO,3,1,0,1,polyethylene (PE) (1),MERGE,WP01,单一聚合物废塑料样品,Single-polymer waste plastic
ENT_9577519eef00591a,PE/PP blends,3,1,3,2,polyethylene (PE) (1); polypropylene (PP) (1),MERGE,WP02,混合聚烯烃废塑料,Mixed polyolefin waste
ENT_31864fe5b9416878,PE/PP/PS/PVC mixture,3,3,3,4,polyethylene (PE) (2); polypropylene (PP) (2); polystyrene (PS) (2); polyvinyl chloride (PVC) (2),MERGE,WP02,混合聚烯烃废塑料,Mixed polyolefin waste
ENT_f9445707febc50a8,PE9PP,3,1,2,2,high-density polyethylene (HDPE) (1); polypropylene (PP) (1),MERGE,WP02,混合聚烯烃废塑料,Mixed polyolefin waste
ENT_2a6ab86f568562d1,PE9PP plastic waste,3,1,3,2,polyethylene (PE) (2); polypropylene (PP) (2),MERGE,WP02,混合聚烯烃废塑料,Mixed polyolefin waste
ENT_3f4ab1a53020eecd,PEPP,3,1,2,2,polyethylene (PE) (1); polypropylene (PP) (1),MERGE,WP02,混合聚烯烃废塑料,Mixed polyolefin waste
ENT_e716c987521029f0,PET microplastic,3,3,3,1,polyethylene terephthalate (PET) (3),MERGE,WP28,微塑料/塑料碎片,Microplastic/plastic fragments
ENT_ff7d6d11a8302e7f,PET/PE + Polyolefinic mixed waste,3,2,2,0,,MERGE,WP03,多聚合物混合废塑料,Mixed multi-polymer waste
ENT_2adb4ac202d57efb,PET/PE metalised,3,1,3,2,polyethylene terephthalate (PET) (1); polyethylene (PE) (1),MERGE,WP02,混合聚烯烃废塑料,Mixed polyolefin waste
ENT_83e7102165cac386,PET/PE waste,3,2,0,2,polyethylene terephthalate (PET) (1); polyethylene (PE) (1),MERGE,WP02,混合聚烯烃废塑料,Mixed polyolefin waste
ENT_34d7a2ef5db89fa0,PET/boPP metalised,3,1,3,2,polyethylene terephthalate (PET) (1); polypropylene (PP) (1),MERGE,WP02,混合聚烯烃废塑料,Mixed polyolefin waste
ENT_fbaf2e01ff7d36d9,PP container,3,2,1,1,polypropylene (PP) (3),MERGE,WP10,饮料瓶/容器废塑料,Bottle/container plastic waste
ENT_a5851f72b8ed852c,PP film,3,1,2,1,polypropylene (PP) (2),MERGE,WP11,袋/薄膜类废塑料,Bag/film plastic waste
ENT_d0ebb5a5fdb6a97e,PP from car bumpers,3,1,3,1,polypropylene (PP) (3),MERGE,WP15,汽车/报废车辆废塑料,Automotive/ELV plastic waste
ENT_b75e0b03087cb953,PP model,3,3,3,1,polypropylene (PP) (2),MERGE,WP34,实验/模型塑料样品,Experimental/model plastic sample
ENT_d7877a0b9269586f,PP powder,3,2,1,1,polypropylene (PP) (2),MERGE,WP31,颗粒/粉末/片料/碎料,Pellet/powder/flake/shredded plastic
ENT_26af06b4f959a9cc,PP with fillers,3,1,1,1,polypropylene (PP) (2),MERGE,WP01,单一聚合物废塑料样品,Single-polymer waste plastic
ENT_153450a9cd0d99d8,PP-HDPE-LDPE mixture,3,2,2,3,low-density polyethylene (LDPE) (2); high-density polyethylene (HDPE) (2); polypropylene (PP) (2),MERGE,WP02,混合聚烯烃废塑料,Mixed polyolefin waste
ENT_73262a0c2a94483e,PP-R,3,1,3,1,polypropylene (PP) (3),MERGE,WP01,单一聚合物废塑料样品,Single-polymer waste plastic
ENT_c408874d2aa4b1a2,PP/LCO,3,1,0,1,polypropylene (PP) (1),MERGE,WP01,单一聚合物废塑料样品,Single-polymer waste plastic
ENT_211e9388f8e667f7,PP/PS mix,3,1,3,2,polypropylene (PP) (1); polystyrene (PS) (1),MERGE,WP03,多聚合物混合废塑料,Mixed multi-polymer waste
ENT_a062cf6c40f44281,PPO,3,3,2,0,,MERGE,WP01,单一聚合物废塑料样品,Single-polymer waste plastic
ENT_6c082586850b0df7,PS plastic raw material,3,1,0,1,polystyrene (PS) (2),MERGE,WP01,单一聚合物废塑料样品,Single-polymer waste plastic
ENT_a3ca57e3afd58a65,PS+PP waste,3,3,2,2,polystyrene (PS) (1); polypropylene (PP) (1),MERGE,WP03,多聚合物混合废塑料,Mixed multi-polymer waste
ENT_9bff0135f0890aab,PS-BD/LCO,3,2,0,0,,MERGE,WP35,特定场景/专用塑料废弃物,Specific-context plastic waste
ENT_a7df857d804265b4,PS/LCO,3,2,0,1,polystyrene (PS) (2),MERGE,WP01,单一聚合物废塑料样品,Single-polymer waste plastic
ENT_2e107b58760bc719,PS/PP/PE/PET mix,3,2,3,4,polyethylene (PE) (2); polypropylene (PP) (2); polystyrene (PS) (2); polyethylene terephthalate (PET) (2),MERGE,WP02,混合聚烯烃废塑料,Mixed polyolefin waste
ENT_bf7bb30ebca88535,PS9PP plastic waste,3,1,3,2,polystyrene (PS) (3); polypropylene (PP) (3),MERGE,WP03,多聚合物混合废塑料,Mixed multi-polymer waste
ENT_9ef073976391d724,PSPP plastic waste,3,1,3,2,polystyrene (PS) (3); polypropylene (PP) (3),MERGE,WP03,多聚合物混合废塑料,Mixed multi-polymer waste
ENT_485d971baf2a27af,PTFE,3,3,1,1,polytetrafluoroethylene (PTFE) (3),MERGE,WP01,单一聚合物废塑料样品,Single-polymer waste plastic
ENT_a65b8dc0bba0535c,PUR,3,3,2,3,polyurethane (PU) (3); polyethylene terephthalate (PET) (1); polylactic acid (PLA) (1),MERGE,WP03,多聚合物混合废塑料,Mixed multi-polymer waste
ENT_ba0b69779c82902b,PVC microplastics,3,2,3,1,polyvinyl chloride (PVC) (3),MERGE,WP28,微塑料/塑料碎片,Microplastic/plastic fragments
ENT_e6d5ba1cfdfb2e82,"PVC mixed plastics containing HDPE, LDPE, PP, and PS",3,1,2,5,polyvinyl chloride (PVC) (2); high-density polyethylene (HDPE) (2); low-density polyethylene (LDPE) (2); polypropylene (PP) (2); polystyrene (PS) (2),MERGE,WP03,多聚合物混合废塑料,Mixed multi-polymer waste
ENT_7ba0d0f1757c9649,PVC plastic,3,3,1,1,polyvinyl chloride (PVC) (2),MERGE,WP01,单一聚合物废塑料样品,Single-polymer waste plastic
ENT_3dfc422f0fc06a60,PVC-containing feeds,3,1,1,1,polyvinyl chloride (PVC) (2),MERGE,WP01,单一聚合物废塑料样品,Single-polymer waste plastic
ENT_b627ace0ebbb983b,Polyacrylonitrile waste,3,1,3,1,polyacrylonitrile (PAN) (3),MERGE,WP01,单一聚合物废塑料样品,Single-polymer waste plastic
ENT_bce5f3ad9aeb3584,Polyvinylchloride (PVC),3,3,1,1,polyvinyl chloride (PVC) (3),MERGE,WP01,单一聚合物废塑料样品,Single-polymer waste plastic
ENT_247dc678d4be140a,Recycled Face Masks (PP),3,2,2,1,polypropylene (PP) (3),MERGE,WP16,医疗/PPE废塑料,Medical/PPE plastic waste
ENT_8c2b345e39f5eb4f,SG,3,1,0,3,polyvinyl alcohol (PVA) (2); polyethylene naphthalate (PEN) (2); polytetrafluoroethylene (PTFE) (2),MERGE,WP03,多聚合物混合废塑料,Mixed multi-polymer waste
ENT_a6d41309c79d51e7,UFO,3,3,1,1,high-density polyethylene (HDPE) (1),MERGE,WP01,单一聚合物废塑料样品,Single-polymer waste plastic
ENT_8a9d87ce25e45c21,W-Mix,3,1,2,0,,MERGE,WP03,多聚合物混合废塑料,Mixed multi-polymer waste
ENT_9629a7a4ec9afaf1,WPPO,3,1,0,0,,MERGE,WP01,单一聚合物废塑料样品,Single-polymer waste plastic
ENT_b59a43df6f44c8b5,agricultural plastics,3,2,1,1,polyethylene (PE) (1),MERGE,WP12,农业膜/农业废塑料,Agricultural plastic waste
ENT_73f36f3595a1a9ba,aluminum foil-coated LDPE,3,1,2,1,low-density polyethylene (LDPE) (3),MERGE,WP01,单一聚合物废塑料样品,Single-polymer waste plastic
ENT_5fb797a7351810f3,aluminum-coated CDs,3,1,0,1,polycarbonate (PC) (1),MERGE,WP01,单一聚合物废塑料样品,Single-polymer waste plastic
ENT_62c36e3861b88d47,biomass + plastics,3,3,0,0,,DROP,,,生物质/煤/无机物，不属于WastePlastic
ENT_97525195ae8455f2,biomedical plastic waste,3,1,3,3,low-density polyethylene (LDPE) (2); high-density polyethylene (HDPE) (2); acrylonitrile-butadiene-styrene (ABS) (1),MERGE,WP16,医疗/PPE废塑料,Medical/PPE plastic waste
ENT_b817609cec132926,commercial PLA cups,3,1,2,1,polylactic acid (PLA) (3),MERGE,WP01,单一聚合物废塑料样品,Single-polymer waste plastic
ENT_94b2bdb32d86aa7c,cross-linked PE,3,3,0,1,polyethylene (PE) (2),MERGE,WP01,单一聚合物废塑料样品,Single-polymer waste plastic
ENT_ef0e6bfd9f58e85f,crosslinked PE foams,3,1,2,1,polyethylene (PE) (3),MERGE,WP21,泡沫/保温塑料废弃物,Foam/insulation plastic waste
ENT_57b82cb366da858d,detergent bottle,3,2,2,1,polyethylene (PE) (1),MERGE,WP10,饮料瓶/容器废塑料,Bottle/container plastic waste
ENT_e1fd3483a9ef1bf5,disposable bags,3,2,1,5,polyethylene (PE) (2); polypropylene (PP) (2); polyvinyl chloride (PVC) (2); low-density polyethylene (LDPE) (1); high-density polyethylene (HDPE) (1),MERGE,WP11,袋/薄膜类废塑料,Bag/film plastic waste
ENT_2a16c3b189746ebb,drink bottle,3,2,2,3,polyethylene (PE) (2); polyethylene terephthalate (PET) (1); high-density polyethylene (HDPE) (1),MERGE,WP10,饮料瓶/容器废塑料,Bottle/container plastic waste
ENT_5227771ef6ab32ae,expanded PS (94.20%),3,1,3,1,polystyrene (PS) (3),MERGE,WP01,单一聚合物废塑料样品,Single-polymer waste plastic
ENT_fdaa89e85009117d,feedstock for this study,3,1,0,3,polystyrene (PS) (1); polypropylene (PP) (1); low-density polyethylene (LDPE) (1),MERGE,WP03,多聚合物混合废塑料,Mixed multi-polymer waste
ENT_d28bc666d4d31541,general-purpose PS,3,2,2,4,polystyrene (PS) (4); polypropylene (PP) (1); high-density polyethylene (HDPE) (1); low-density polyethylene (LDPE) (1),MERGE,WP03,多聚合物混合废塑料,Mixed multi-polymer waste
ENT_e3ea407632af4113,heavy distillate,3,1,0,0,,DROP,,,油/蜡/衍生液体，不属于WastePlastic
ENT_cf85a6221da28021,high-density polyethylene (HDPE-A),3,1,3,1,polyethylene (PE) (3),MERGE,WP01,单一聚合物废塑料样品,Single-polymer waste plastic
ENT_4b1e1dc7a3ea080d,hospital post-consumer PE/PP/PS/PVC waste plastics,3,1,3,4,polyethylene (PE) (3); polypropylene (PP) (3); polystyrene (PS) (3); polyvinyl chloride (PVC) (3),MERGE,WP16,医疗/PPE废塑料,Medical/PPE plastic waste
ENT_9b2008b7c8553b9c,industrial packing waste,3,3,3,5,polypropylene (PP) (1); polystyrene (PS) (1); polyethylene terephthalate (PET) (1); polyvinyl chloride (PVC) (1); polyethylene (PE) (1),MERGE,WP08,包装废塑料,Packaging plastic waste
ENT_ef76fb682e2aa8f3,industrial waste polypropylene,3,2,0,1,polypropylene (PP) (2),MERGE,WP01,单一聚合物废塑料样品,Single-polymer waste plastic
ENT_fe8b1249ada8acd4,infant toy,3,1,1,1,acrylonitrile-butadiene-styrene (ABS) (2),MERGE,WP24,日用品/消费品塑料废弃物,Consumer-product plastic waste
ENT_4e89a5dd315b9afa,irradiated PP,3,1,1,1,polypropylene (PP) (2),MERGE,WP01,单一聚合物废塑料样品,Single-polymer waste plastic
ENT_68e8e4fb4e5c6e5d,lids,3,2,2,1,polyethylene (PE) (1),MERGE,WP01,单一聚合物废塑料样品,Single-polymer waste plastic
ENT_308269dc4668cd56,light-density PE,3,2,2,1,low-density polyethylene (LDPE) (2),MERGE,WP01,单一聚合物废塑料样品,Single-polymer waste plastic
ENT_9ae62e1a55d6dae9,linear low-density polyethylene pellet,3,2,0,1,linear low-density polyethylene (LLDPE) (2),MERGE,WP31,颗粒/粉末/片料/碎料,Pellet/powder/flake/shredded plastic
ENT_29f04e85cb0d4c5b,low-pressure polyethylene (high-density PE),3,1,3,1,polyethylene (PE) (3),MERGE,WP01,单一聚合物废塑料样品,Single-polymer waste plastic
ENT_cbf52aafbdbb55da,marine plastic waste,3,2,1,1,polypropylene (PP) (1),MERGE,WP17,海洋/海滩塑料垃圾,Marine/beach plastic litter
ENT_06290bab994d176a,meal box,3,2,2,2,polyethylene (PE) (1); polypropylene (PP) (1),MERGE,WP02,混合聚烯烃废塑料,Mixed polyolefin waste
ENT_6611d77d0d242876,mechanically non-recyclable waste plastics mixture,3,1,0,6,polyvinylidene chloride (PVDC) (1); polystyrene (PS) (1); polyethylene terephthalate (PET) (1); polypropylene (PP) (1); low-density polyethylene (LDPE) (1); high-density polyethylene (HDPE) (1),MERGE,WP03,多聚合物混合废塑料,Mixed multi-polymer waste
ENT_9f4d7939fb066031,medical waste infusion tubes,3,1,1,1,polyvinyl chloride (PVC) (2),MERGE,WP16,医疗/PPE废塑料,Medical/PPE plastic waste
ENT_a08e02ee279f688b,milk bottle,3,1,1,1,polystyrene (PS) (2),MERGE,WP10,饮料瓶/容器废塑料,Bottle/container plastic waste
ENT_1af7e64a88e5ab38,mixed PS-LDPE,3,2,0,3,polystyrene (PS) (2); low-density polyethylene (LDPE) (1); polyethylene (PE) (1),MERGE,WP03,多聚合物混合废塑料,Mixed multi-polymer waste
ENT_70ffc6acfbaf5fe2,mixed group 2,3,2,0,5,high-density polyethylene (HDPE) (1); low-density polyethylene (LDPE) (1); polypropylene (PP) (1); polyethylene terephthalate (PET) (1); polyvinyl chloride (PVC) (1),MERGE,WP03,多聚合物混合废塑料,Mixed multi-polymer waste
ENT_b4213435b8d8ac56,mixed packaging waste,3,2,2,8,polyethylene terephthalate (PET) (1); high-density polyethylene (HDPE) (1); polypropylene (PP) (1); polystyrene (PS) (1); polyvinyl chloride (PVC) (1); acrylonitrile-butadiene-styrene (ABS) (1),MERGE,WP08,包装废塑料,Packaging plastic waste
ENT_e47d9d722e59d621,mixed plastic (PS:LDPE=1:1),3,1,3,2,polystyrene (PS) (3); low-density polyethylene (LDPE) (3),MERGE,WP03,多聚合物混合废塑料,Mixed multi-polymer waste
ENT_adc631ba16170fc1,"mixed plastics (PE, PP, PS, PET)",3,2,2,4,polypropylene (PP) (3); polystyrene (PS) (3); polyethylene terephthalate (PET) (3); polyethylene (PE) (3),MERGE,WP03,多聚合物混合废塑料,Mixed multi-polymer waste
ENT_c732b553db003992,mixture,3,3,2,3,high-density polyethylene (HDPE) (1); low-density polyethylene (LDPE) (1); polypropylene (PP) (1),MERGE,WP02,混合聚烯烃废塑料,Mixed polyolefin waste
ENT_ebb74e652879aa29,model mixture of polymers,3,2,0,3,high-density polyethylene (HDPE) (1); polyethylene terephthalate (PET) (1); polystyrene (PS) (1),MERGE,WP34,实验/模型塑料样品,Experimental/model plastic sample
ENT_0c43eedebb26672e,multi-layered and mixed resin plastic waste,3,1,3,0,,MERGE,WP32,多层/复合/金属化塑料,Multilayer/composite/metallised plastic
ENT_a03a05d145c73500,municipal plastics,3,3,1,7,low-density polyethylene (LDPE) (1); high-density polyethylene (HDPE) (1); polyethylene terephthalate (PET) (1); polypropylene (PP) (1); polystyrene (PS) (1); polyvinyl alcohol (PVA) (1),MERGE,WP04,城市生活/市政废塑料,Municipal plastic waste
ENT_735e2303f839dad7,nylon waste,3,3,0,1,polyamide (PA) (3),MERGE,WP01,单一聚合物废塑料样品,Single-polymer waste plastic
ENT_f716459ed4be1799,other plastics,3,3,2,3,polyethylene terephthalate (PET) (1); high-density polyethylene (HDPE) (1); polystyrene (PS) (1),MERGE,WP03,多聚合物混合废塑料,Mixed multi-polymer waste
ENT_e086cebdb4c53ec1,packaging boxes,3,1,0,2,polypropylene (PP) (1); polystyrene (PS) (1),MERGE,WP08,包装废塑料,Packaging plastic waste
ENT_a693472c7e3bd36b,phenolic FRP,3,1,3,1,phenolic resin (3),MERGE,WP01,单一聚合物废塑料样品,Single-polymer waste plastic
ENT_0b1d246db18c601f,plastic mixture (40% PET + 40% HDPE + 20% LDPE),3,1,3,3,polyethylene terephthalate (PET) (3); high-density polyethylene (HDPE) (3); low-density polyethylene (LDPE) (3),MERGE,WP02,混合聚烯烃废塑料,Mixed polyolefin waste
ENT_1ede48d5811b0b05,plastic mixture (PE/PP/PS/PVC),3,2,2,4,polyethylene (PE) (3); polypropylene (PP) (3); polystyrene (PS) (3); polyvinyl chloride (PVC) (3),MERGE,WP02,混合聚烯烃废塑料,Mixed polyolefin waste
ENT_b3d7ce9be788cae2,plastic packaging,3,3,3,2,high-density polyethylene (HDPE) (1); polypropylene (PP) (1),MERGE,WP08,包装废塑料,Packaging plastic waste
ENT_3a46bfb74d43661f,plastic strip,3,2,3,1,polyethylene (PE) (2),MERGE,WP01,单一聚合物废塑料样品,Single-polymer waste plastic
ENT_500a11a976e25f9d,plastic waste (PS+PE),3,2,2,2,polystyrene (PS) (3); polyethylene (PE) (3),MERGE,WP03,多聚合物混合废塑料,Mixed multi-polymer waste
ENT_d2109298eacf589f,plastic waste from Hat-Yai municipal landfills,3,1,0,3,polyethylene terephthalate (PET) (1); polypropylene (PP) (1); polyethylene (PE) (1),MERGE,WP33,填埋/垃圾场塑料残余,Landfill/dumpsite plastic residue
ENT_f4576ac675bfc0fb,plastics in MSW,3,3,1,6,high-density polyethylene (HDPE) (1); low-density polyethylene (LDPE) (1); polypropylene (PP) (1); polyvinyl chloride (PVC) (1); polystyrene (PS) (1); polyethylene terephthalate (PET) (1),MERGE,WP03,多聚合物混合废塑料,Mixed multi-polymer waste
ENT_21eae857cffb876e,polybutylene terephthalate waste,3,3,0,1,polybutylene terephthalate (PBT) (3),MERGE,WP01,单一聚合物废塑料样品,Single-polymer waste plastic
ENT_bec8d7dbf83f91cb,polyester plastics,3,3,1,3,polyethylene terephthalate (PET) (2); polyester (1); polycarbonate (PC) (1),MERGE,WP03,多聚合物混合废塑料,Mixed multi-polymer waste
ENT_a793ad23b456f05f,polyethylene black-colored (PE-BL),3,1,3,1,polyethylene (PE) (3),MERGE,WP01,单一聚合物废塑料样品,Single-polymer waste plastic
ENT_9643a2fc8883da56,polyolefin-based plastic waste,3,3,0,3,polyethylene (PE) (1); polypropylene (PP) (1); polyolefins (1),MERGE,WP02,混合聚烯烃废塑料,Mixed polyolefin waste
ENT_9ae6d8c1b3532c25,polyolefin-rich feeds,3,1,1,1,polyolefins (1),MERGE,WP02,混合聚烯烃废塑料,Mixed polyolefin waste
ENT_be1b615ce579a0cb,polyphenylene oxide waste,3,2,1,3,polyphenylene oxide (PPO) (3); polystyrene (PS) (1); polycarbonate (PC) (1),MERGE,WP03,多聚合物混合废塑料,Mixed multi-polymer waste
ENT_742d90893392257a,polypropylene bright-colored (PP-CL),3,1,3,1,polypropylene (PP) (3),MERGE,WP01,单一聚合物废塑料样品,Single-polymer waste plastic
ENT_ad7a158a47797b96,polystyrene + polyvinyl chloride + polyethylene terephthalate mixture,3,1,1,3,polystyrene (PS) (1); polyvinyl chloride (PVC) (1); polyethylene terephthalate (PET) (1),MERGE,WP03,多聚合物混合废塑料,Mixed multi-polymer waste
ENT_22c13d8fa8fedc80,pool ball,3,1,1,1,polyethylene (PE) (2),MERGE,WP01,单一聚合物废塑料样品,Single-polymer waste plastic
ENT_da5b9841eef5ca6f,post-consumer PE sources,3,1,3,1,polyethylene (PE) (3),MERGE,WP06,消费后废塑料,Post-consumer plastic waste
ENT_7d9d0471ff597b40,post-consumer high density polyethylene,3,1,3,1,high-density polyethylene (HDPE) (3),MERGE,WP06,消费后废塑料,Post-consumer plastic waste
ENT_af67fb4dbe9a4930,post-consumer high density polyethylene plastic,3,1,0,1,high-density polyethylene (HDPE) (2),MERGE,WP06,消费后废塑料,Post-consumer plastic waste
ENT_84d40a1bb3b1012c,post-consumer polymer mixture (HDPE/LDPE/PP/PVC),3,1,3,4,high-density polyethylene (HDPE) (3); low-density polyethylene (LDPE) (3); polypropylene (PP) (3); polyvinyl chloride (PVC) (3),MERGE,WP06,消费后废塑料,Post-consumer plastic waste
ENT_f8960e27b074db8e,post-consumer waste,3,1,0,5,polyethylene terephthalate (PET) (1); high-density polyethylene (HDPE) (1); polypropylene (PP) (1); low-density polyethylene (LDPE) (1); polyvinyl chloride (PVC) (1),MERGE,WP06,消费后废塑料,Post-consumer plastic waste
ENT_50923f8cb00fc220,post-consumer waste HDPE,3,1,0,1,high-density polyethylene (HDPE) (1),MERGE,WP06,消费后废塑料,Post-consumer plastic waste
ENT_fb1b1dbbdcaabfaf,post-industrial waste,3,1,0,1,polyethylene terephthalate (PET) (1),MERGE,WP01,单一聚合物废塑料样品,Single-polymer waste plastic
ENT_88d91cb55ed0cc02,postconsumer PET,3,1,3,1,polyethylene terephthalate (PET) (3),MERGE,WP06,消费后废塑料,Post-consumer plastic waste
ENT_3785be0accb7e20f,postconsumer plastics,3,2,1,0,,MERGE,WP06,消费后废塑料,Post-consumer plastic waste
ENT_a27b349a01d88449,postconsumer polymer waste (PE/PP),3,1,3,2,polyethylene (PE) (1); polypropylene (PP) (1),MERGE,WP06,消费后废塑料,Post-consumer plastic waste
ENT_9bc96b20d255e7ca,real HDPE waste,3,2,3,1,high-density polyethylene (HDPE) (3),MERGE,WP01,单一聚合物废塑料样品,Single-polymer waste plastic
ENT_825e5e78d4cc96b8,recycled compact polystyrene,3,1,3,1,polystyrene (PS) (3),MERGE,WP30,回收/再生/返工塑料,Recycled/reworked plastic
ENT_7370c4906d8f4b12,recycled polyethylene,3,3,0,2,polyethylene (PE) (2); polypropylene (PP) (1),MERGE,WP30,回收/再生/返工塑料,Recycled/reworked plastic
ENT_f36da3d11b4d1af8,recycled waste LDPE pellets,3,2,0,1,low-density polyethylene (LDPE) (2),MERGE,WP30,回收/再生/返工塑料,Recycled/reworked plastic
ENT_04093e1f120ebbf4,rice husk,3,2,1,1,polystyrene (PS) (1),MERGE,WP01,单一聚合物废塑料样品,Single-polymer waste plastic
ENT_c78c1c00201623cf,scrap tires pyrolysis oil residue,3,2,0,0,,DROP,,,油/蜡/衍生液体，不属于WastePlastic
ENT_f071b5dfd2c7001a,sewage sludge (SS),3,1,3,1,polyethylene terephthalate (PET) (1),MERGE,WP01,单一聚合物废塑料样品,Single-polymer waste plastic
ENT_f43c19a1fbc8cdea,shredded plastic waste,3,1,3,3,high-density polyethylene (HDPE) (3); polypropylene (PP) (3); low-density polyethylene (LDPE) (3),MERGE,WP31,颗粒/粉末/片料/碎料,Pellet/powder/flake/shredded plastic
ENT_3b93bc5a8b93de61,solid PS,3,1,2,1,polystyrene (PS) (2),MERGE,WP01,单一聚合物废塑料样品,Single-polymer waste plastic
ENT_18a7bd51bab2bf3c,solid waste,3,1,2,0,,DROP,,,过度泛化，无法支持有效分类分析
ENT_a9f63a24c133a0d7,synthetic HDPE,3,2,2,1,high-density polyethylene (HDPE) (3),MERGE,WP01,单一聚合物废塑料样品,Single-polymer waste plastic
ENT_c729700e2fcebabd,tableware,3,1,2,1,polyethylene (PE) (1),MERGE,WP09,食品包装/餐饮废塑料,Food-packaging/food-service plastic waste
ENT_858400ec0eaa5b2f,thermally degraded polyethylene waste,3,1,3,1,polyethylene (PE) (3),MERGE,WP01,单一聚合物废塑料样品,Single-polymer waste plastic
ENT_e2caba3a6e549543,traditional surgical face masks,3,1,1,5,polypropylene (PP) (1); polyamide 66 (PA66) (1); polyamide 6 (PA6) (1); polyethylene (PE) (1); polyolefins (1),MERGE,WP16,医疗/PPE废塑料,Medical/PPE plastic waste
ENT_cff1dde588a3f635,unused compostable PLA,3,2,1,2,polylactic acid (PLA) (2); high-density polyethylene (HDPE) (1),MERGE,WP03,多聚合物混合废塑料,Mixed multi-polymer waste
ENT_7ddba79e4dd6ef2f,walnut shell,3,2,1,0,,DROP,,,生物质/煤/无机物，不属于WastePlastic
ENT_5bb23c8f37d2e5ad,waste MDPE,3,1,3,1,medium-density polyethylene (MDPE) (3),MERGE,WP01,单一聚合物废塑料样品,Single-polymer waste plastic
ENT_d4750fd905b53043,waste PET fibre,3,3,1,1,polyethylene terephthalate (PET) (3),MERGE,WP20,纺织/纤维/地毯塑料废弃物,Textile/fibre/carpet plastic waste
ENT_da29f12b4aaa86c5,waste PP bottles,3,2,1,1,polypropylene (PP) (3),MERGE,WP10,饮料瓶/容器废塑料,Bottle/container plastic waste
ENT_34e8b1b3ed3c219d,waste PS cups,3,2,2,1,polystyrene (PS) (3),MERGE,WP01,单一聚合物废塑料样品,Single-polymer waste plastic
ENT_dfeb425bf4cb2400,waste bumper,3,1,3,1,polypropylene (PP) (3),MERGE,WP01,单一聚合物废塑料样品,Single-polymer waste plastic
ENT_6b1ce520ab5c397f,waste carpet,3,2,0,7,polyethylene terephthalate (PET) (2); polyvinyl chloride (PVC) (2); polyamide 6 (PA6) (1); polyamide 66 (PA66) (1); polyamide (PA) (1); polypropylene (PP) (1),MERGE,WP20,纺织/纤维/地毯塑料废弃物,Textile/fibre/carpet plastic waste
ENT_046065ccc3271cdc,waste fatty acid mixture,3,1,0,0,,MERGE,WP35,特定场景/专用塑料废弃物,Specific-context plastic waste
ENT_0be9ed0b5176bd03,"waste mixed plastics (PP, PE, and PS)",3,1,2,3,polypropylene (PP) (2); polyethylene (PE) (2); polystyrene (PS) (2),MERGE,WP03,多聚合物混合废塑料,Mixed multi-polymer waste
ENT_b59cba781acb7399,waste plastic foam,3,3,0,3,polyvinyl chloride (PVC) (1); polybutadiene (BR) (1); polystyrene (PS) (1),MERGE,WP21,泡沫/保温塑料废弃物,Foam/insulation plastic waste
ENT_1e79d3ec0ad83a01,waste polyethylene bottles,3,3,1,2,polyethylene (PE) (2); high-density polyethylene (HDPE) (1),MERGE,WP10,饮料瓶/容器废塑料,Bottle/container plastic waste
ENT_6f0ea0c4f4e9ac72,waste polyethylene recyclate,3,1,0,1,polyethylene (PE) (2),MERGE,WP01,单一聚合物废塑料样品,Single-polymer waste plastic
ENT_a7300f8195055226,"waste polymer (PP, PS, PE)",3,1,3,3,polypropylene (PP) (3); polystyrene (PS) (3); polyethylene (PE) (3),MERGE,WP03,多聚合物混合废塑料,Mixed multi-polymer waste
ENT_bc9f55e6a516128b,waste polypropylene and polyethylene,3,3,0,2,polyethylene (PE) (1); polypropylene (PP) (1),MERGE,WP02,混合聚烯烃废塑料,Mixed polyolefin waste
ENT_cd08fa2315df6aa2,wasted HDPE,3,1,3,1,high-density polyethylene (HDPE) (3),MERGE,WP01,单一聚合物废塑料样品,Single-polymer waste plastic
ENT_4537deab92bf6634,wax,3,3,0,0,,REVIEW,,,语义不足，暂不进入受控分类
ENT_abfe32f996ee1fe1,wood-plastic synthetic,3,1,2,0,,MERGE,WP01,单一聚合物废塑料样品,Single-polymer waste plastic
ENT_341ee00c8fbe818e,wood-polypropylene composite,3,1,3,1,polypropylene (PP) (3),MERGE,WP01,单一聚合物废塑料样品,Single-polymer waste plastic
ENT_666e80dcd1eb938d,40%HDPE-A + 40%LDPE-B + 20%PS,2,1,1,3,high-density polyethylene (HDPE) (2); low-density polyethylene (LDPE) (2); polystyrene (PS) (2),MERGE,WP03,多聚合物混合废塑料,Mixed multi-polymer waste
ENT_9dd4ee77ac7adc7b,5P model plastic mixture,2,1,0,5,low-density polyethylene (LDPE) (1); polypropylene (PP) (1); high-density polyethylene (HDPE) (1); polystyrene (PS) (1); polyvinyl chloride (PVC) (1),MERGE,WP34,实验/模型塑料样品,Experimental/model plastic sample
ENT_267327a21ba55673,60 kGy irradiated polypropylene,2,1,2,1,polypropylene (PP) (2),MERGE,WP01,单一聚合物废塑料样品,Single-polymer waste plastic
ENT_47fb73d924e3ba36,90% PP + 10% PS,2,1,1,2,polypropylene (PP) (2); polystyrene (PS) (2),MERGE,WP03,多聚合物混合废塑料,Mixed multi-polymer waste
ENT_c831b8a6389cb5f3,95% PP + 5% PS,2,1,1,2,polypropylene (PP) (2); polystyrene (PS) (2),MERGE,WP03,多聚合物混合废塑料,Mixed multi-polymer waste
ENT_c28885958e113bcb,ABS/PC waste,2,2,0,0,,MERGE,WP01,单一聚合物废塑料样品,Single-polymer waste plastic
ENT_e3816cb95aa67c97,BOPP waste,2,1,2,2,polypropylene (PP) (3); polyethylene terephthalate (PET) (2),MERGE,WP02,混合聚烯烃废塑料,Mixed polyolefin waste
ENT_072031ec6b9017a1,BR,2,1,1,2,polycarbonate (PC) (1); butyl rubber (IIR) (1),MERGE,WP03,多聚合物混合废塑料,Mixed multi-polymer waste
ENT_7f0d908c651f4aaf,Bottle Cap,2,2,0,2,polypropylene (PP) (1); high-density polyethylene (HDPE) (1),MERGE,WP10,饮料瓶/容器废塑料,Bottle/container plastic waste
ENT_83599d9940d2d067,CD PC,2,1,0,1,polycarbonate (PC) (1),MERGE,WP01,单一聚合物废塑料样品,Single-polymer waste plastic
ENT_a829f6723b1f0787,COVID-19 face masks,2,1,0,1,polypropylene (PP) (2),MERGE,WP16,医疗/PPE废塑料,Medical/PPE plastic waste
ENT_fe86431b0aee3b00,Cable (PVC and PE),2,1,1,2,polyvinyl chloride (PVC) (2); polyethylene (PE) (2),MERGE,WP22,电缆/电线绝缘塑料,Cable/wire insulation plastic
ENT_8dd74d6dd38e020b,Cleaned PP waste,2,2,2,1,polypropylene (PP) (2),MERGE,WP01,单一聚合物废塑料样品,Single-polymer waste plastic
ENT_58a4b098ec616320,DHPVC,2,1,0,1,polyvinyl chloride (PVC) (1),MERGE,WP01,单一聚合物废塑料样品,Single-polymer waste plastic
ENT_988f7cfe307f55c8,Douglas fir,2,2,1,1,low-density polyethylene (LDPE) (1),MERGE,WP01,单一聚合物废塑料样品,Single-polymer waste plastic
ENT_6c2614385dd8cd10,EVA,2,1,0,1,ethylene-vinyl acetate (EVA) (2),MERGE,WP01,单一聚合物废塑料样品,Single-polymer waste plastic
ENT_ad79596a62d1ee60,FCC catalyst waste gel residue,2,1,0,0,,MERGE,WP35,特定场景/专用塑料废弃物,Specific-context plastic waste
ENT_2b721a2d7348d433,Grade A plastic waste,2,1,1,0,,MERGE,WP01,单一聚合物废塑料样品,Single-polymer waste plastic
ENT_bd1ca70060546d7c,Grade B plastic waste,2,1,1,0,,MERGE,WP01,单一聚合物废塑料样品,Single-polymer waste plastic
ENT_585f383476430ee2,HDPE LDPE waste,2,2,1,2,high-density polyethylene (HDPE) (1); low-density polyethylene (LDPE) (1),MERGE,WP02,混合聚烯烃废塑料,Mixed polyolefin waste
ENT_e694833280860b48,HDPE chips,2,1,1,1,high-density polyethylene (HDPE) (2),MERGE,WP01,单一聚合物废塑料样品,Single-polymer waste plastic
ENT_f5418259a9379096,HDPE pellets,2,2,0,1,high-density polyethylene (HDPE) (2),MERGE,WP31,颗粒/粉末/片料/碎料,Pellet/powder/flake/shredded plastic
ENT_6b5cdb5bf34d92c9,HDPE plastic bags,2,2,1,2,low-density polyethylene (LDPE) (1); high-density polyethylene (HDPE) (1),MERGE,WP11,袋/薄膜类废塑料,Bag/film plastic waste
ENT_164809b3818f81ce,HDPE water pipe,2,1,1,1,high-density polyethylene (HDPE) (1),MERGE,WP01,单一聚合物废塑料样品,Single-polymer waste plastic
ENT_d1028cbe15afaa35,HDPE-R,2,1,2,1,high-density polyethylene (HDPE) (2),MERGE,WP01,单一聚合物废塑料样品,Single-polymer waste plastic
ENT_eb225ac64379c70f,HIPS pellets,2,1,0,1,polystyrene (PS) (2),MERGE,WP31,颗粒/粉末/片料/碎料,Pellet/powder/flake/shredded plastic
ENT_10f83f2d875b6c23,HIPS/ABS mixture,2,1,1,2,polystyrene (PS) (1); acrylonitrile-butadiene-styrene (ABS) (1),MERGE,WP03,多聚合物混合废塑料,Mixed multi-polymer waste
ENT_e6f1b2a747db2a1e,IV Bag,2,1,2,4,polyvinyl chloride (PVC) (2); high-density polyethylene (HDPE) (2); polypropylene (PP) (2); acrylonitrile-butadiene-styrene (ABS) (1),MERGE,WP11,袋/薄膜类废塑料,Bag/film plastic waste
ENT_cfacca45b13481bd,LDPE + waste cooking oil,2,1,2,1,low-density polyethylene (LDPE) (2),DROP,,,油/蜡/衍生液体，不属于WastePlastic
ENT_8f638cce7c7648ed,LDPE and HDPE,2,2,1,2,low-density polyethylene (LDPE) (1); high-density polyethylene (HDPE) (1),MERGE,WP02,混合聚烯烃废塑料,Mixed polyolefin waste
ENT_c386e4b7ae49eadc,LDPE contaminated with PVC,2,1,1,2,low-density polyethylene (LDPE) (1); polyvinyl chloride (PVC) (1),MERGE,WP27,含油/受污染废塑料,Oil-contaminated/dirty plastic waste
ENT_856d675a02e768ac,LDPE medicine container,2,1,1,1,low-density polyethylene (LDPE) (2),MERGE,WP10,饮料瓶/容器废塑料,Bottle/container plastic waste
ENT_1fc687e901d67258,LDPE packaging,2,1,1,1,low-density polyethylene (LDPE) (2),MERGE,WP08,包装废塑料,Packaging plastic waste
ENT_c27bf65d4f1de2f4,LDPE plastic bottle,2,1,1,1,low-density polyethylene (LDPE) (2),MERGE,WP10,饮料瓶/容器废塑料,Bottle/container plastic waste
ENT_c8c1eca5d26bc851,LDPE water sachets,2,2,2,1,low-density polyethylene (LDPE) (2),MERGE,WP01,单一聚合物废塑料样品,Single-polymer waste plastic
ENT_56b5e252435bb40c,"LDPE, HDPE, PP and PS",2,2,1,4,low-density polyethylene (LDPE) (1); high-density polyethylene (HDPE) (1); polypropylene (PP) (1); polystyrene (PS) (1),MERGE,WP03,多聚合物混合废塑料,Mixed multi-polymer waste
ENT_bcf4acb87d66d3b8,LDPE-R,2,1,2,1,low-density polyethylene (LDPE) (2),MERGE,WP01,单一聚合物废塑料样品,Single-polymer waste plastic
ENT_5075348f0d4d1efc,LDPE-lube oil mixture,2,1,2,1,low-density polyethylene (LDPE) (2),MERGE,WP01,单一聚合物废塑料样品,Single-polymer waste plastic
ENT_07e81f7297060c17,LDPE/HDPE wastes pouches and bags,2,1,0,2,low-density polyethylene (LDPE) (2); high-density polyethylene (HDPE) (2),MERGE,WP11,袋/薄膜类废塑料,Bag/film plastic waste
ENT_f6db24d734139cec,LDPE/PP/PS mixed plastic waste,2,1,2,3,low-density polyethylene (LDPE) (2); polypropylene (PP) (2); polystyrene (PS) (2),MERGE,WP02,混合聚烯烃废塑料,Mixed polyolefin waste
ENT_d022cc2251c24b77,LDPE/PP/PS/PET mixed plastic waste,2,1,2,4,low-density polyethylene (LDPE) (2); polypropylene (PP) (2); polystyrene (PS) (2); polyethylene terephthalate (PET) (2),MERGE,WP02,混合聚烯烃废塑料,Mixed polyolefin waste
ENT_3ef18dd9b59d230e,LLDPE pyrolysis oil,2,1,1,1,linear low-density polyethylene (LLDPE) (2),DROP,,,油/蜡/衍生液体，不属于WastePlastic
ENT_9ee1b15f1c7d1c9b,MDPE,2,2,0,1,medium-density polyethylene (MDPE) (1),MERGE,WP01,单一聚合物废塑料样品,Single-polymer waste plastic
ENT_564812e9054f18cc,MEA/SG mixture,2,1,0,3,Nafion (1); polyethylene naphthalate (PEN) (1); polyvinyl alcohol (PVA) (1),MERGE,WP03,多聚合物混合废塑料,Mixed multi-polymer waste
ENT_f3d02ad08556bd50,MPW sample,2,1,0,5,polypropylene (PP) (1); polyvinyl chloride (PVC) (1); high-density polyethylene (HDPE) (1); acrylonitrile-butadiene-styrene (ABS) (1); polystyrene (PS) (1),MERGE,WP03,多聚合物混合废塑料,Mixed multi-polymer waste
ENT_3b724e8008d90737,MR(1),2,1,1,2,polyethylene (PE) (2); polypropylene (PP) (2),MERGE,WP02,混合聚烯烃废塑料,Mixed polyolefin waste
ENT_b3a8b6e16a29e974,Model PE,2,1,1,1,polyethylene (PE) (2),MERGE,WP34,实验/模型塑料样品,Experimental/model plastic sample
ENT_4eafc229125aff35,PA6 resin,2,1,2,1,polyamide 6 (PA6) (2),MERGE,WP01,单一聚合物废塑料样品,Single-polymer waste plastic
ENT_86913102a9ddbcd1,PC casing,2,1,2,1,polycarbonate (PC) (1),MERGE,WP01,单一聚合物废塑料样品,Single-polymer waste plastic
ENT_fd4a0c79d27a8a86,PC-based TBBPA,2,1,1,1,polycarbonate (PC) (1),MERGE,WP01,单一聚合物废塑料样品,Single-polymer waste plastic
ENT_9d8943fc278100be,PC/PP,2,1,1,2,polycarbonate (PC) (1); polypropylene (PP) (1),MERGE,WP03,多聚合物混合废塑料,Mixed multi-polymer waste
ENT_aea1b29e9f5d2a5c,PCP,2,1,0,1,polyolefins (2),MERGE,WP01,单一聚合物废塑料样品,Single-polymer waste plastic
ENT_23177690d81a8e73,PCW PP,2,1,1,1,polypropylene (PP) (2),MERGE,WP06,消费后废塑料,Post-consumer plastic waste
ENT_36f304eb0bc37d6d,PE + palm oil,2,1,1,1,polyethylene (PE) (1),MERGE,WP01,单一聚合物废塑料样品,Single-polymer waste plastic
ENT_ffc0e387f50b3f3d,PE / HDPE / LDPE,2,1,2,3,polyethylene (PE) (1); high-density polyethylene (HDPE) (1); low-density polyethylene (LDPE) (1),MERGE,WP02,混合聚烯烃废塑料,Mixed polyolefin waste
ENT_e0a4ce615ceaa90b,PE agricultural sheets,2,1,1,1,polyethylene (PE) (1),MERGE,WP12,农业膜/农业废塑料,Agricultural plastic waste
ENT_939a3be13af60bf0,PE-CL,2,1,2,1,polyethylene (PE) (1),MERGE,WP01,单一聚合物废塑料样品,Single-polymer waste plastic
ENT_b73652bea1c93f39,PE-rich waste,2,2,0,1,polyethylene (PE) (1),MERGE,WP01,单一聚合物废塑料样品,Single-polymer waste plastic
ENT_b57b6ef8b8c65b54,PE/PP rich samples,2,2,0,2,polyethylene (PE) (1); polypropylene (PP) (1),MERGE,WP02,混合聚烯烃废塑料,Mixed polyolefin waste
ENT_459dad95b2c5568d,PE/PP/PET/PS/PVC mixture,2,1,1,5,polyethylene (PE) (2); polypropylene (PP) (2); polyethylene terephthalate (PET) (2); polystyrene (PS) (2); polyvinyl chloride (PVC) (2),MERGE,WP02,混合聚烯烃废塑料,Mixed polyolefin waste
ENT_36f541ea85247eaf,PE/PP/PS mix,2,2,1,3,polyethylene (PE) (2); polypropylene (PP) (2); polystyrene (PS) (2),MERGE,WP02,混合聚烯烃废塑料,Mixed polyolefin waste
ENT_cdaa7ace3a80be2a,PE/PVC mixture,2,1,1,2,polyethylene (PE) (2); polyvinyl chloride (PVC) (1),MERGE,WP03,多聚合物混合废塑料,Mixed multi-polymer waste
ENT_3d90b19f180569ca,PE9PS waste,2,1,2,2,polyethylene (PE) (2); polystyrene (PS) (2),MERGE,WP03,多聚合物混合废塑料,Mixed multi-polymer waste
ENT_413429989830c922,PEPP9,2,1,1,2,high-density polyethylene (HDPE) (1); polypropylene (PP) (1),MERGE,WP02,混合聚烯烃废塑料,Mixed polyolefin waste
ENT_150ed5da91fc19f3,PEPS waste,2,1,2,0,,MERGE,WP01,单一聚合物废塑料样品,Single-polymer waste plastic
ENT_f6f624bb2b571a15,PEPS9 waste,2,1,2,0,,MERGE,WP01,单一聚合物废塑料样品,Single-polymer waste plastic
ENT_17b323f0ec7ea0fd,PET (post-consumer bottles),2,1,1,3,polyethylene terephthalate (PET) (2); polyethylene (PE) (1); polypropylene (PP) (1),MERGE,WP10,饮料瓶/容器废塑料,Bottle/container plastic waste
ENT_a6a6c765c5990b83,PET bottle grade,2,1,0,0,,MERGE,WP10,饮料瓶/容器废塑料,Bottle/container plastic waste
ENT_ff961039ddd5e1d5,PET carpet,2,1,1,1,polyethylene terephthalate (PET) (2),MERGE,WP20,纺织/纤维/地毯塑料废弃物,Textile/fibre/carpet plastic waste
ENT_638207dbc6206f76,PET cups,2,1,1,1,polyethylene terephthalate (PET) (2),MERGE,WP01,单一聚合物废塑料样品,Single-polymer waste plastic
ENT_9c5bd27d26d31fce,PET mixed PE,2,1,1,2,polyethylene terephthalate (PET) (1); polyethylene (PE) (1),MERGE,WP02,混合聚烯烃废塑料,Mixed polyolefin waste
ENT_7d18686b6662a8bd,PET plastic bottles,2,1,2,1,polyethylene terephthalate (PET) (2),MERGE,WP10,饮料瓶/容器废塑料,Bottle/container plastic waste
ENT_547d80c4f968bd75,PET soft drink bottles,2,2,1,1,polyethylene terephthalate (PET) (2),MERGE,WP10,饮料瓶/容器废塑料,Bottle/container plastic waste
ENT_44bd70df32c364c0,PET water bottle,2,2,2,2,polyethylene terephthalate (PET) (2); polystyrene (PS) (1),MERGE,WP10,饮料瓶/容器废塑料,Bottle/container plastic waste
ENT_538039f7048c71e5,PET-based waste carpet face fiber,2,1,2,1,polyethylene terephthalate (PET) (2),MERGE,WP20,纺织/纤维/地毯塑料废弃物,Textile/fibre/carpet plastic waste
ENT_4f0c7ef9582ecb85,PET/PElam,2,1,2,2,polyethylene terephthalate (PET) (2); polyethylene (PE) (2),MERGE,WP02,混合聚烯烃废塑料,Mixed polyolefin waste
ENT_de920bdc69fa1a73,PMD waste,2,1,0,3,polyethylene terephthalate (PET) (1); polyethylene (PE) (1); polypropylene (PP) (1),MERGE,WP02,混合聚烯烃废塑料,Mixed polyolefin waste
ENT_1ac282f656d2aa10,PMMA scrap,2,1,0,0,,MERGE,WP01,单一聚合物废塑料样品,Single-polymer waste plastic
ENT_22303c51a6ca8e2f,PO-poor DKR-350,2,1,0,2,polyethylene terephthalate (PET) (1); polystyrene (PS) (1),MERGE,WP29,RDF/SRF/分选残余塑料,RDF/SRF/sorting-residue plastics
ENT_456f91336f5f5b1f,POE,2,1,0,1,polyolefin elastomer (2),MERGE,WP01,单一聚合物废塑料样品,Single-polymer waste plastic
ENT_6d0913ecf4eabcd5,PP + HDPE,2,2,2,2,high-density polyethylene (HDPE) (2); polypropylene (PP) (2),MERGE,WP02,混合聚烯烃废塑料,Mixed polyolefin waste
ENT_7c2190ce55f877d1,PP + palm oil,2,1,1,1,polypropylene (PP) (1),MERGE,WP01,单一聚合物废塑料样品,Single-polymer waste plastic
ENT_85f8d60c8a7b177c,PP beverage bottle,2,1,1,1,polypropylene (PP) (2),MERGE,WP10,饮料瓶/容器废塑料,Bottle/container plastic waste
ENT_d607214259be9037,PP particles,2,2,1,1,polypropylene (PP) (2),MERGE,WP01,单一聚合物废塑料样品,Single-polymer waste plastic
ENT_87aeeb99a513b469,PP plastic boxes,2,1,2,1,polypropylene (PP) (2),MERGE,WP01,单一聚合物废塑料样品,Single-polymer waste plastic
ENT_a11e7b5ff1094d30,PP-Fe/HY,2,1,0,1,polypropylene (PP) (1),MERGE,WP01,单一聚合物废塑料样品,Single-polymer waste plastic
ENT_ee379d0342d4d09b,PP-FeNi/HY,2,1,0,1,polypropylene (PP) (1),MERGE,WP01,单一聚合物废塑料样品,Single-polymer waste plastic
ENT_cdcbe316d6388d94,PP-HY,2,1,0,1,polypropylene (PP) (1),MERGE,WP01,单一聚合物废塑料样品,Single-polymer waste plastic
ENT_59d68008ce0911fc,PP-Ni/HY,2,1,0,1,polypropylene (PP) (1),MERGE,WP01,单一聚合物废塑料样品,Single-polymer waste plastic
ENT_0818835cd9b167f1,PP-based textile waste,2,1,1,1,polypropylene (PP) (1),MERGE,WP20,纺织/纤维/地毯塑料废弃物,Textile/fibre/carpet plastic waste
ENT_719b0184f5a732ba,PP/PE plastic waste,2,2,0,2,polypropylene (PP) (2); polyethylene (PE) (2),MERGE,WP02,混合聚烯烃废塑料,Mixed polyolefin waste
ENT_aab67945553b26fb,PP/PET waste,2,1,0,0,,MERGE,WP02,混合聚烯烃废塑料,Mixed polyolefin waste
ENT_b07438be1d83ec8a,PP/PVC mixture,2,2,1,2,polypropylene (PP) (2); polyvinyl chloride (PVC) (1),MERGE,WP03,多聚合物混合废塑料,Mixed multi-polymer waste
ENT_73528c4041131ae0,PPH,2,1,0,1,polypropylene (PP) (2),MERGE,WP01,单一聚合物废塑料样品,Single-polymer waste plastic
ENT_36ad3921e0f640e1,PS compact,2,1,1,1,polystyrene (PS) (2),MERGE,WP01,单一聚合物废塑料样品,Single-polymer waste plastic
ENT_af16b1825bd2f523,PS-R,2,1,2,1,polystyrene (PS) (2),MERGE,WP01,单一聚合物废塑料样品,Single-polymer waste plastic
ENT_67c8767d107ecec2,PS-based feedstocks,2,2,1,1,polystyrene (PS) (1),MERGE,WP01,单一聚合物废塑料样品,Single-polymer waste plastic
ENT_48778416e9c061b2,PSF,2,1,0,1,polystyrene (PS) (1),MERGE,WP01,单一聚合物废塑料样品,Single-polymer waste plastic
ENT_740097d9e66d997a,PSPP9 plastic waste,2,1,2,2,polystyrene (PS) (2); polypropylene (PP) (2),MERGE,WP03,多聚合物混合废塑料,Mixed multi-polymer waste
ENT_110f46c7a7b3a837,PU plastic,2,1,0,1,polyurethane (PU) (1),MERGE,WP01,单一聚合物废塑料样品,Single-polymer waste plastic
ENT_69efe343ab8e6b22,PUE,2,1,0,0,,REVIEW,,,语义不足，暂不进入受控分类
ENT_b3d4ade48845c576,PVC applications,2,1,2,1,polyvinyl chloride (PVC) (2),MERGE,WP01,单一聚合物废塑料样品,Single-polymer waste plastic
ENT_da4e00c7b0a70429,PVC mixed feed,2,1,1,1,polyvinyl chloride (PVC) (1),MERGE,WP01,单一聚合物废塑料样品,Single-polymer waste plastic
ENT_e144f9691dea4f21,PVC powder,2,2,1,1,polyvinyl chloride (PVC) (2),MERGE,WP31,颗粒/粉末/片料/碎料,Pellet/powder/flake/shredded plastic
ENT_e79d5eb16ecce10b,PVC rich PW,2,2,1,1,polyvinyl chloride (PVC) (1),MERGE,WP01,单一聚合物废塑料样品,Single-polymer waste plastic
ENT_dec6c7e723b2f70d,PVC waste wire,2,1,1,1,polyvinyl chloride (PVC) (2),MERGE,WP01,单一聚合物废塑料样品,Single-polymer waste plastic
ENT_24bcebcef4be2dcc,PVC-based medical waste,2,2,2,1,polyvinyl chloride (PVC) (2),MERGE,WP16,医疗/PPE废塑料,Medical/PPE plastic waste
ENT_a04dccc9fd500c8d,Polyethylene (HDPE),2,1,2,1,high-density polyethylene (HDPE) (1),MERGE,WP01,单一聚合物废塑料样品,Single-polymer waste plastic
ENT_81b41cd1ec98e63f,RLW pellets,2,1,0,2,polyvinyl chloride (PVC) (1); polyamide (PA) (1),MERGE,WP31,颗粒/粉末/片料/碎料,Pellet/powder/flake/shredded plastic
ENT_7948896437fd1e14,Rigid plastic 7r/Fe-ZSM,2,1,2,0,,MERGE,WP01,单一聚合物废塑料样品,Single-polymer waste plastic
ENT_7524436825de5b43,SMMA,2,1,2,1,styrene-methyl methacrylate copolymer (SMMA) (2),MERGE,WP01,单一聚合物废塑料样品,Single-polymer waste plastic
ENT_e38afb2c0161efbe,STPO,2,2,0,0,,REVIEW,,,语义不足，暂不进入受控分类
ENT_a29d6fcc0b1b97a4,Styrene,2,2,2,1,polystyrene (PS) (1),MERGE,WP01,单一聚合物废塑料样品,Single-polymer waste plastic
ENT_8f9e33ede9ccf390,US plastic composition,2,1,2,4,low-density polyethylene (LDPE) (1); high-density polyethylene (HDPE) (1); polystyrene (PS) (1); polypropylene (PP) (1),MERGE,WP03,多聚合物混合废塑料,Mixed multi-polymer waste
ENT_275e5989ad1279f3,US-average mix plastic composition,2,1,1,3,low-density polyethylene (LDPE) (2); high-density polyethylene (HDPE) (2); polypropylene (PP) (2),MERGE,WP02,混合聚烯烃废塑料,Mixed polyolefin waste
ENT_90e8df4b26708784,additive-free LDPE polymer powder,2,1,0,1,low-density polyethylene (LDPE) (1),MERGE,WP31,颗粒/粉末/片料/碎料,Pellet/powder/flake/shredded plastic
ENT_4d3b34e1f407bbcc,agricultural plastic (PE),2,1,2,1,polyethylene (PE) (2),MERGE,WP12,农业膜/农业废塑料,Agricultural plastic waste
ENT_39ea5f964cd40e32,agricultural sheets,2,1,1,1,polyethylene (PE) (1),MERGE,WP12,农业膜/农业废塑料,Agricultural plastic waste
ENT_02e34b05354c8454,agriculture plastic film waste,2,1,0,2,low-density polyethylene (LDPE) (1); ethylene-vinyl acetate (EVA) (1),MERGE,WP11,袋/薄膜类废塑料,Bag/film plastic waste
ENT_2d403d4846e7b643,aluminum-coated snack bags,2,1,0,0,,MERGE,WP11,袋/薄膜类废塑料,Bag/film plastic waste
ENT_651f92df61bfc9db,automotive waste HDPE plastics,2,1,0,1,high-density polyethylene (HDPE) (1),MERGE,WP15,汽车/报废车辆废塑料,Automotive/ELV plastic waste
ENT_09a4ff5aa27de1aa,automotive waste PP plastics,2,1,0,1,polypropylene (PP) (1),MERGE,WP15,汽车/报废车辆废塑料,Automotive/ELV plastic waste
ENT_4a0c87343841006c,bags,2,2,1,1,polyethylene (PE) (1),MERGE,WP11,袋/薄膜类废塑料,Bag/film plastic waste
ENT_91be643c9d5b010a,beverage wrapper plastic,2,1,0,1,polyethylene (PE) (1),MERGE,WP16,医疗/PPE废塑料,Medical/PPE plastic waste
ENT_c92709a81fd22faa,blended plastics (PE/PP/PS),2,1,2,3,polyethylene (PE) (2); polypropylene (PP) (2); polystyrene (PS) (2),MERGE,WP02,混合聚烯烃废塑料,Mixed polyolefin waste
ENT_13d8270f87dc5c50,bluegrass mixed plastic,2,1,1,0,,MERGE,WP03,多聚合物混合废塑料,Mixed multi-polymer waste
ENT_53db6ec1e6a23962,brominated flame retarded plastics,2,1,0,0,,MERGE,WP25,阻燃/含溴废塑料,Flame-retarded/brominated plastic waste
ENT_87354e732720ce27,brominated plastics from WEEE,2,1,0,3,acrylonitrile-butadiene-styrene (ABS) (1); polycarbonate (PC) (1); polystyrene (PS) (1),MERGE,WP13,WEEE/电子电器废塑料,WEEE/electronic plastic waste
ENT_6df75ce947566fbc,buoy polystyrene,2,1,0,1,polystyrene (PS) (1),MERGE,WP18,渔业/渔网塑料废弃物,Fishery/net plastic waste
ENT_c255da410dbc0e15,carbon fiber reinforced plastics,2,1,1,0,,MERGE,WP20,纺织/纤维/地毯塑料废弃物,Textile/fibre/carpet plastic waste
ENT_d265ee514a7efe2c,chaff mixed plastic,2,1,1,0,,MERGE,WP03,多聚合物混合废塑料,Mixed multi-polymer waste
ENT_6ce87e3d5d4100e3,chlorinated polyethylene,2,2,0,1,polyethylene (PE) (2),MERGE,WP26,含氯/卤素废塑料,Chlorine/halogen-containing plastic waste
ENT_378235660b53de38,coal,2,1,0,0,,DROP,,,生物质/煤/无机物，不属于WastePlastic
ENT_8f6c042c47eaf7a4,commercial PE,2,1,2,1,polyethylene (PE) (2),MERGE,WP01,单一聚合物废塑料样品,Single-polymer waste plastic
ENT_92c06efcecaa9a9f,commercial plastic bags,2,2,0,1,polyethylene (PE) (1),MERGE,WP11,袋/薄膜类废塑料,Bag/film plastic waste
ENT_f8c2d0f7952b82a3,commercial plastics,2,2,0,0,,MERGE,WP01,单一聚合物废塑料样品,Single-polymer waste plastic
ENT_59b3a91202cd0a80,container PS,2,2,1,1,polystyrene (PS) (1),MERGE,WP10,饮料瓶/容器废塑料,Bottle/container plastic waste
ENT_496f4f1138047e3c,different plastics,2,2,0,0,,MERGE,WP01,单一聚合物废塑料样品,Single-polymer waste plastic
ENT_cf91340a7810c885,discarded plastics from municipal solid waste stream,2,2,0,6,low-density polyethylene (LDPE) (1); high-density polyethylene (HDPE) (1); polypropylene (PP) (1); polyvinyl chloride (PVC) (1); polystyrene (PS) (1); polyethylene terephthalate (PET) (1),MERGE,WP03,多聚合物混合废塑料,Mixed multi-polymer waste
ENT_f1708edf8af65307,disposable grocery bags,2,1,0,1,polyethylene (PE) (2),MERGE,WP11,袋/薄膜类废塑料,Bag/film plastic waste
ENT_36e4b42db0c6508f,disposable plates,2,2,0,1,polystyrene (PS) (2),MERGE,WP23,一次性塑料制品,Single-use plastic products
ENT_1afeafc3a3fa12d6,domestic plastic wastes,2,2,0,3,polyolefins (1); polyvinyl chloride (PVC) (1); polystyrene (PS) (1),MERGE,WP03,多聚合物混合废塑料,Mixed multi-polymer waste
ENT_9a6f74a34c4f70d9,electric cable wastes,2,1,1,1,low-density polyethylene (LDPE) (2),MERGE,WP22,电缆/电线绝缘塑料,Cable/wire insulation plastic
ENT_59deaa994a594c4f,external thermal insulation composite system containing polystyrene,2,1,1,1,polystyrene (PS) (1),MERGE,WP01,单一聚合物废塑料样品,Single-polymer waste plastic
ENT_8b4bf19fbf1d5035,fibre reinforced plastic waste,2,2,0,1,unsaturated polyester resin (1),MERGE,WP20,纺织/纤维/地毯塑料废弃物,Textile/fibre/carpet plastic waste
ENT_a15796fd8134ac25,fibrous paper impurities,2,1,2,2,polyethylene (PE) (2); polypropylene (PP) (2),MERGE,WP02,混合聚烯烃废塑料,Mixed polyolefin waste
ENT_2fec5b26d566e3fb,fire-retarded HIPS,2,1,1,1,polystyrene (PS) (1),MERGE,WP01,单一聚合物废塑料样品,Single-polymer waste plastic
ENT_9558c28c1d389787,flame retarded plastic acrylonitrile-butadiene-styrene,2,1,1,1,acrylonitrile-butadiene-styrene (ABS) (1),MERGE,WP25,阻燃/含溴废塑料,Flame-retarded/brominated plastic waste
ENT_a8c83e68815d81c4,food packaging films,2,1,1,3,polyethylene (PE) (2); polypropylene (PP) (2); polyvinyl chloride (PVC) (2),MERGE,WP09,食品包装/餐饮废塑料,Food-packaging/food-service plastic waste
ENT_280b1a1bb3d59f27,granulated HDPE,2,1,0,1,high-density polyethylene (HDPE) (1),MERGE,WP01,单一聚合物废塑料样品,Single-polymer waste plastic
ENT_81f9ab35ea7d40e1,halogenated plastics,2,2,0,0,,MERGE,WP26,含氯/卤素废塑料,Chlorine/halogen-containing plastic waste
ENT_5b3650b7f01ca36c,heavy polyethylene,2,1,1,1,polyethylene (PE) (2),MERGE,WP01,单一聚合物废塑料样品,Single-polymer waste plastic
ENT_2c703e6692db9db7,heavy polyethylene feed,2,1,0,1,polyethylene (PE) (1),MERGE,WP01,单一聚合物废塑料样品,Single-polymer waste plastic
ENT_d54ae65c87b57e3b,heavy wax,2,1,0,0,,DROP,,,油/蜡/衍生液体，不属于WastePlastic
ENT_d21bb391777c97f1,high-density polyethylene products,2,2,0,1,high-density polyethylene (HDPE) (2),MERGE,WP01,单一聚合物废塑料样品,Single-polymer waste plastic
ENT_55869259925f6c2f,homogeneous LDPE,2,1,1,1,low-density polyethylene (LDPE) (2),MERGE,WP01,单一聚合物废塑料样品,Single-polymer waste plastic
ENT_104ec6faa04dc9f0,homogeneous PP,2,1,1,1,polypropylene (PP) (2),MERGE,WP01,单一聚合物废塑料样品,Single-polymer waste plastic
ENT_032678f610855d52,industrial organic solid waste,2,1,0,4,low-density polyethylene (LDPE) (1); polypropylene (PP) (1); polystyrene (PS) (1); polyethylene terephthalate (PET) (1),MERGE,WP03,多聚合物混合废塑料,Mixed multi-polymer waste
ENT_88e5c7fd7e71101e,instant waste plastic rice containers,2,1,0,0,,MERGE,WP09,食品包装/餐饮废塑料,Food-packaging/food-service plastic waste
ENT_0dd3eb3fe508007e,isotactic polypropylene,2,2,1,1,polypropylene (PP) (2),MERGE,WP01,单一聚合物废塑料样品,Single-polymer waste plastic
ENT_c68db5d022348328,isotactic-polypropylene waste,2,2,0,1,polypropylene (PP) (2),MERGE,WP01,单一聚合物废塑料样品,Single-polymer waste plastic
ENT_2eaa960ff0b42db1,light polyethylene feed,2,1,0,1,polyethylene (PE) (1),MERGE,WP01,单一聚合物废塑料样品,Single-polymer waste plastic
ENT_aa9f67b717d9e59d,liquid crystal display monitor waste,2,1,0,5,polystyrene (PS) (1); acrylonitrile-butadiene-styrene (ABS) (1); poly(methyl methacrylate) (PMMA) (1); polyethylene terephthalate (PET) (1); polycarbonate (PC) (1),MERGE,WP03,多聚合物混合废塑料,Mixed multi-polymer waste
ENT_7ff908255c73377b,low molecular weight plastic waste,2,1,0,5,polystyrene (PS) (1); poly(methyl methacrylate) (PMMA) (1); acrylonitrile-butadiene-styrene (ABS) (1); polyethylene terephthalate (PET) (1); polycarbonate (PC) (1),MERGE,WP03,多聚合物混合废塑料,Mixed multi-polymer waste
ENT_e8ff79d5f13b8200,low value post-consumer high density polyethylene plastic,2,1,0,1,high-density polyethylene (HDPE) (2),MERGE,WP06,消费后废塑料,Post-consumer plastic waste
ENT_367b9b1be4cd44f0,low-linear-density polyethylene,2,2,1,1,linear low-density polyethylene (LLDPE) (1),MERGE,WP01,单一聚合物废塑料样品,Single-polymer waste plastic
ENT_6a9c603293c103d5,macroplastic waste,2,2,0,0,,MERGE,WP01,单一聚合物废塑料样品,Single-polymer waste plastic
ENT_492997fb09d61842,marine litter,2,1,1,2,polypropylene (PP) (1); polystyrene (PS) (1),MERGE,WP17,海洋/海滩塑料垃圾,Marine/beach plastic litter
ENT_5b18eb742c8e8fe3,market shopping bags,2,1,0,0,,MERGE,WP11,袋/薄膜类废塑料,Bag/film plastic waste
ENT_3762320b42c322e8,micro/nanoplastics,2,1,0,5,polyethylene (PE) (1); polypropylene (PP) (1); polystyrene (PS) (1); polyvinyl chloride (PVC) (1); polyester (1),MERGE,WP03,多聚合物混合废塑料,Mixed multi-polymer waste
ENT_45f260ced3067017,mixed PET waste,2,1,2,1,polyethylene terephthalate (PET) (2),MERGE,WP01,单一聚合物废塑料样品,Single-polymer waste plastic
ENT_62397204f2cfcfdb,mixed PP+PE+PS+PET,2,1,1,4,polypropylene (PP) (2); polyethylene (PE) (2); polystyrene (PS) (2); polyethylene terephthalate (PET) (2),MERGE,WP03,多聚合物混合废塑料,Mixed multi-polymer waste
ENT_85c88f6a5933653c,mixed SBH and HDPE waste,2,1,0,1,high-density polyethylene (HDPE) (1),MERGE,WP01,单一聚合物废塑料样品,Single-polymer waste plastic
ENT_a3120ca35aa9c3e9,mixed group B,2,1,0,0,,MERGE,WP35,特定场景/专用塑料废弃物,Specific-context plastic waste
ENT_2bdf675530e23243,mixed plastic pellets,2,1,0,3,low-density polyethylene (LDPE) (1); polypropylene (PP) (1); polystyrene (PS) (1),MERGE,WP31,颗粒/粉末/片料/碎料,Pellet/powder/flake/shredded plastic
ENT_4337db80a9d3aa8a,mixed plastic waste (PE/PP/PS/PET/PVC),2,2,2,5,polyethylene (PE) (1); polypropylene (PP) (1); polystyrene (PS) (1); polyethylene terephthalate (PET) (1); polyvinyl chloride (PVC) (1),MERGE,WP02,混合聚烯烃废塑料,Mixed polyolefin waste
ENT_78d03382f061c82e,"mixed plastic waste (PP, PS, PET)",2,1,2,3,polypropylene (PP) (2); polystyrene (PS) (2); polyethylene terephthalate (PET) (2),MERGE,WP03,多聚合物混合废塑料,Mixed multi-polymer waste
ENT_b0dc3218da14b1db,"mixed plastic waste (PS, PP, PE, PET)",2,1,2,4,polyethylene (PE) (2); polypropylene (PP) (2); polystyrene (PS) (2); polyethylene terephthalate (PET) (2),MERGE,WP03,多聚合物混合废塑料,Mixed multi-polymer waste
ENT_9ba2013c77ef78c6,"mixed plastics (HDPE, PS, PP, PET)",2,1,2,4,high-density polyethylene (HDPE) (2); polystyrene (PS) (2); polypropylene (PP) (2); polyethylene terephthalate (PET) (2),MERGE,WP03,多聚合物混合废塑料,Mixed multi-polymer waste
ENT_df4f52ab98086601,mixed plastics (incl. 7% PVC),2,1,1,1,polyvinyl chloride (PVC) (1),MERGE,WP03,多聚合物混合废塑料,Mixed multi-polymer waste
ENT_d0a45c6543925e7a,mixed plastics waste with PVC,2,2,0,1,polyvinyl chloride (PVC) (1),MERGE,WP03,多聚合物混合废塑料,Mixed multi-polymer waste
ENT_a39128d36f21c317,mixture of LDPE and PP,2,2,1,2,low-density polyethylene (LDPE) (2); polypropylene (PP) (2),MERGE,WP02,混合聚烯烃废塑料,Mixed polyolefin waste
ENT_2115c562d223d85b,mixture of polyolefins,2,2,2,0,,MERGE,WP01,单一聚合物废塑料样品,Single-polymer waste plastic
ENT_99f2837ce40410e1,"mixture of polypropylene, low density polyethylene, and high density polyethylene",2,2,0,3,polypropylene (PP) (2); low-density polyethylene (LDPE) (2); high-density polyethylene (HDPE) (2),MERGE,WP02,混合聚烯烃废塑料,Mixed polyolefin waste
ENT_a57373aebe92ebad,multi-layered plastic food packaging waste,2,1,0,3,polyethylene terephthalate (PET) (1); polyethylene (PE) (1); polypropylene (PP) (1),MERGE,WP32,多层/复合/金属化塑料,Multilayer/composite/metallised plastic
ENT_43e0cacaf78a43a1,multilayer plastics,2,2,0,0,,MERGE,WP32,多层/复合/金属化塑料,Multilayer/composite/metallised plastic
ENT_759cb80f978fcf6d,multiple plastics,2,1,1,0,,MERGE,WP01,单一聚合物废塑料样品,Single-polymer waste plastic
ENT_f894655ebb7ef198,municipal PE waste,2,1,2,1,polyethylene (PE) (2),MERGE,WP01,单一聚合物废塑料样品,Single-polymer waste plastic
ENT_bfd4762011fdd651,municipal waste,2,1,0,2,polyethylene (PE) (1); polypropylene (PP) (1),MERGE,WP02,混合聚烯烃废塑料,Mixed polyolefin waste
ENT_1f27d51f7fbf8814,nanoplastic waste,2,2,0,0,,MERGE,WP01,单一聚合物废塑料样品,Single-polymer waste plastic
ENT_bf95da1474f59ab0,olive residue/polypropylene mixture,2,1,0,1,polypropylene (PP) (1),MERGE,WP01,单一聚合物废塑料样品,Single-polymer waste plastic
ENT_9f7b76cdb95b01a4,oxygenated plastic impurities,2,1,2,3,polyethylene (PE) (2); polypropylene (PP) (2); polyethylene terephthalate (PET) (2),MERGE,WP02,混合聚烯烃废塑料,Mixed polyolefin waste
ENT_9fa95c5c82214dc0,packaging film,2,1,1,0,,MERGE,WP08,包装废塑料,Packaging plastic waste
ENT_fa8ad81f53147184,packaging materials plastic waste,2,1,0,1,polystyrene (PS) (1),MERGE,WP08,包装废塑料,Packaging plastic waste
ENT_87069b6786eaba4a,personal protective equipment,2,2,0,1,polypropylene (PP) (1),MERGE,WP01,单一聚合物废塑料样品,Single-polymer waste plastic
ENT_38ad960d2850041d,phenol resin prepolymer waste,2,1,2,1,phenolic resin (2),MERGE,WP01,单一聚合物废塑料样品,Single-polymer waste plastic
ENT_ccd7eb902aa1e248,pine sawdust and high density polyethylene mixture,2,1,0,0,,DROP,,,生物质/煤/无机物，不属于WastePlastic
ENT_236cbeb1ff378c7e,pipe,2,1,1,0,,REVIEW,,,语义不足，暂不进入受控分类
ENT_31a34c7193a31e5b,plastic sample,2,1,0,0,,MERGE,WP01,单一聚合物废塑料样品,Single-polymer waste plastic
ENT_d3037d6fa60eaf16,plastic wrap (LDPE),2,2,2,3,high-density polyethylene (HDPE) (2); low-density polyethylene (LDPE) (2); polypropylene (PP) (2),MERGE,WP02,混合聚烯烃废塑料,Mixed polyolefin waste
ENT_720fa86647838903,plastics containing brominated flame-retardants,2,2,0,0,,MERGE,WP25,阻燃/含溴废塑料,Flame-retarded/brominated plastic waste
ENT_bdda92faf0a9f96c,plastics express packaging bags,2,1,1,0,,MERGE,WP08,包装废塑料,Packaging plastic waste
ENT_b1b81ec176f05765,polycaprolactone,2,2,0,1,polycaprolactone (PCL) (2),MERGE,WP01,单一聚合物废塑料样品,Single-polymer waste plastic
ENT_b4b0f403ee04ff3c,polyethylene bright-colored (PE-CL),2,1,2,1,polyethylene (PE) (2),MERGE,WP01,单一聚合物废塑料样品,Single-polymer waste plastic
ENT_503644324eee8400,polyethylene shopping bag,2,2,1,1,low-density polyethylene (LDPE) (1),MERGE,WP11,袋/薄膜类废塑料,Bag/film plastic waste
ENT_dfcd1352b531d394,polyethylene terephthalate residues,2,1,1,1,polyethylene terephthalate (PET) (1),MERGE,WP01,单一聚合物废塑料样品,Single-polymer waste plastic
ENT_4f29ef7a02fd6841,polyisoprene,2,1,0,1,polyisoprene (2),MERGE,WP01,单一聚合物废塑料样品,Single-polymer waste plastic
ENT_f6727023aae61c21,polyoxymethylene,2,2,1,1,polyoxymethylene (POM) (2),MERGE,WP01,单一聚合物废塑料样品,Single-polymer waste plastic
ENT_cf72c3033539d165,polypropylene bigbag sacks,2,1,2,1,polypropylene (PP) (2),MERGE,WP11,袋/薄膜类废塑料,Bag/film plastic waste
ENT_ecc58f6b49db1dc6,polypropylene black-colored (PP-BL),2,1,2,1,polypropylene (PP) (2),MERGE,WP01,单一聚合物废塑料样品,Single-polymer waste plastic
ENT_e241c23c44c68e96,polystyrene + polyethylene terephthalate,2,1,1,2,polystyrene (PS) (1); polyethylene terephthalate (PET) (1),MERGE,WP03,多聚合物混合废塑料,Mixed multi-polymer waste
ENT_aa757ee5f8ed9eef,polystyrene based materials,2,1,1,1,polystyrene (PS) (2),MERGE,WP01,单一聚合物废塑料样品,Single-polymer waste plastic
ENT_ba80556837fa1a88,polystyrene film,2,2,1,1,polystyrene (PS) (1),MERGE,WP11,袋/薄膜类废塑料,Bag/film plastic waste
ENT_5ec5e4526fc8d36f,polystyrene plastic beads,2,1,0,1,polystyrene (PS) (1),MERGE,WP01,单一聚合物废塑料样品,Single-polymer waste plastic
ENT_ee9085232c60ce3e,polyurethane construction waste,2,2,0,1,polyurethane (PU) (1),MERGE,WP19,建筑/工程塑料废弃物,Construction/engineering plastic waste
ENT_341662ba565b6e12,polyvinyl alcohol,2,1,1,1,polyvinyl alcohol (PVA) (1),MERGE,WP01,单一聚合物废塑料样品,Single-polymer waste plastic
ENT_607e3d7cb1f2f044,polyvinyl alcohol waste,2,2,1,1,polyvinyl alcohol (PVA) (2),MERGE,WP01,单一聚合物废塑料样品,Single-polymer waste plastic
ENT_1cabf68b73e3e457,polyvinyl chloride contaminant,2,1,0,1,polyvinyl chloride (PVC) (1),MERGE,WP01,单一聚合物废塑料样品,Single-polymer waste plastic
ENT_8f569f21d8951aa5,polyvinylidene chloride,2,2,0,1,polyvinylidene chloride (PVDC) (2),MERGE,WP01,单一聚合物废塑料样品,Single-polymer waste plastic
ENT_050d78179df85a32,post-commercial polymer waste,2,1,0,4,polyvinyl chloride (PVC) (1); polyethylene (PE) (1); polypropylene (PP) (1); polystyrene (PS) (1),MERGE,WP03,多聚合物混合废塑料,Mixed multi-polymer waste
ENT_588f7269498e5ea2,post-consumer HDPE polymer waste,2,1,1,4,polyethylene (PE) (1); polypropylene (PP) (1); polyethylene-co-1-octene (1); high-density polyethylene (HDPE) (1),MERGE,WP06,消费后废塑料,Post-consumer plastic waste
ENT_7c3147ae49a4cda8,post-consumer LDPE plastic bottles,2,2,1,1,low-density polyethylene (LDPE) (2),MERGE,WP10,饮料瓶/容器废塑料,Bottle/container plastic waste
ENT_0fea01fc3844e68f,post-consumer Nylon-6,2,2,2,1,polyamide 6 (PA6) (2),MERGE,WP06,消费后废塑料,Post-consumer plastic waste
ENT_0f784256be89bd5c,post-consumer healthcare plastic waste stream,2,1,0,4,polyethylene (PE) (1); polypropylene (PP) (1); polyvinyl chloride (PVC) (1); polystyrene (PS) (1),MERGE,WP06,消费后废塑料,Post-consumer plastic waste
ENT_5a62f26fd6bfba9d,post-consumer plastic waste mixture HDPE/LDPE/PP/PVC,2,1,0,4,high-density polyethylene (HDPE) (1); low-density polyethylene (LDPE) (1); polypropylene (PP) (1); polyvinyl chloride (PVC) (1),MERGE,WP06,消费后废塑料,Post-consumer plastic waste
ENT_03e662886984b460,postconsumer PE waste,2,2,1,1,polyethylene (PE) (1),MERGE,WP06,消费后废塑料,Post-consumer plastic waste
ENT_ce8665db46c9d04e,pure PE,2,2,1,1,polyethylene (PE) (2),MERGE,WP01,单一聚合物废塑料样品,Single-polymer waste plastic
ENT_c319c0d46bc5f343,raw WEEE plastic,2,1,0,2,polyethylene (PE) (1); polyvinyl chloride (PVC) (1),MERGE,WP13,WEEE/电子电器废塑料,WEEE/electronic plastic waste
ENT_ae5355c05dc23b39,raw tarpaulin material,2,1,0,3,polyethylene terephthalate (PET) (1); polyvinyl chloride (PVC) (1); low-density polyethylene (LDPE) (1),MERGE,WP19,建筑/工程塑料废弃物,Construction/engineering plastic waste
ENT_4adc6f1dd5a9f8e5,real plastic bottles,2,1,2,0,,MERGE,WP10,饮料瓶/容器废塑料,Bottle/container plastic waste
ENT_a2e2f4108006244f,recycled PP pellets,2,2,0,1,polypropylene (PP) (2),MERGE,WP30,回收/再生/返工塑料,Recycled/reworked plastic
ENT_693bcd6775bf10a7,recycled compact polystyrene from urban solid waste,2,1,0,1,polystyrene (PS) (1),MERGE,WP30,回收/再生/返工塑料,Recycled/reworked plastic
ENT_42f7d81ac47ea315,recycled polypropylene from tips used in micropipettes,2,1,0,1,polypropylene (PP) (1),MERGE,WP30,回收/再生/返工塑料,Recycled/reworked plastic
ENT_39c1a0eb4f09996d,recycled polypropylene waste,2,2,0,1,polypropylene (PP) (2),MERGE,WP30,回收/再生/返工塑料,Recycled/reworked plastic
ENT_35f1f4e936e4b847,refuse plastic fuel,2,1,1,1,polyvinyl chloride (PVC) (1),MERGE,WP01,单一聚合物废塑料样品,Single-polymer waste plastic
ENT_e1ea11bf5ebc032d,rigid PVC,2,2,2,1,polyvinyl chloride (PVC) (2),MERGE,WP01,单一聚合物废塑料样品,Single-polymer waste plastic
ENT_47e4968c189e937d,scrap tires pyrolysis oil distillation residue,2,1,0,0,,DROP,,,油/蜡/衍生液体，不属于WastePlastic
ENT_863143add9bf0980,sharps,2,1,2,2,polypropylene (PP) (2); polyethylene (PE) (2),MERGE,WP02,混合聚烯烃废塑料,Mixed polyolefin waste
ENT_8b973b26df0a2d4a,sheet molding compound waste,2,1,1,3,polyethylene terephthalate (PET) (2); polyester (1); polystyrene (PS) (1),MERGE,WP03,多聚合物混合废塑料,Mixed multi-polymer waste
ENT_323e5a93ce361314,single-use waste polyethylene,2,1,1,1,polyethylene (PE) (2),MERGE,WP23,一次性塑料制品,Single-use plastic products
ENT_8fbcf47543700420,take-out solid waste,2,1,1,0,,MERGE,WP09,食品包装/餐饮废塑料,Food-packaging/food-service plastic waste
ENT_96bc0d9335586105,ternary mixture PP/LDPE/PS,2,1,2,3,low-density polyethylene (LDPE) (2); polypropylene (PP) (2); polystyrene (PS) (2),MERGE,WP02,混合聚烯烃废塑料,Mixed polyolefin waste
ENT_57118f6468cf03d0,textile waste,2,2,1,0,,MERGE,WP20,纺织/纤维/地毯塑料废弃物,Textile/fibre/carpet plastic waste
ENT_745cc0c6bb975c27,thermal board,2,1,1,1,polystyrene (PS) (1),MERGE,WP01,单一聚合物废塑料样品,Single-polymer waste plastic
ENT_76448fa2ab880259,thermoset waste,2,2,0,0,,MERGE,WP01,单一聚合物废塑料样品,Single-polymer waste plastic
ENT_6fb9f8017281a3aa,tire,2,2,1,0,,DROP,,,轮胎/橡胶原料，不属于WastePlastic
ENT_e0affdc21f896837,unstabilised linear low density polyethylene (LLDPE) in powder form,2,1,0,1,linear low-density polyethylene (LLDPE) (1),MERGE,WP31,颗粒/粉末/片料/碎料,Pellet/powder/flake/shredded plastic
ENT_1b937ca9e3a51f32,unused HDPE,2,1,0,1,high-density polyethylene (HDPE) (1),MERGE,WP01,单一聚合物废塑料样品,Single-polymer waste plastic
ENT_71e21b5f44653a35,unused recyclable HDPE,2,2,1,2,high-density polyethylene (HDPE) (2); polylactic acid (PLA) (1),MERGE,WP03,多聚合物混合废塑料,Mixed multi-polymer waste
ENT_7cd648805e1e17a5,waste HDPE grocery bag,2,1,1,1,high-density polyethylene (HDPE) (2),MERGE,WP11,袋/薄膜类废塑料,Bag/film plastic waste
ENT_6c1d4f72ea675c45,waste HDPE storage boxes,2,1,0,1,high-density polyethylene (HDPE) (2),MERGE,WP01,单一聚合物废塑料样品,Single-polymer waste plastic
ENT_efef703b45c18fa7,waste HDPE/PP,2,2,1,2,high-density polyethylene (HDPE) (2); polypropylene (PP) (2),MERGE,WP02,混合聚烯烃废塑料,Mixed polyolefin waste
ENT_8f0c400e5ea866b0,waste LDPE packaging,2,2,1,1,low-density polyethylene (LDPE) (2),MERGE,WP08,包装废塑料,Packaging plastic waste
ENT_d47e664bb46d7da8,waste PE fraction,2,1,0,1,polyethylene (PE) (1),MERGE,WP01,单一聚合物废塑料样品,Single-polymer waste plastic
ENT_ba928bdfd21bad7c,waste PVC flooring mats,2,1,1,1,polyvinyl chloride (PVC) (2),MERGE,WP01,单一聚合物废塑料样品,Single-polymer waste plastic
ENT_a7896811c3613da5,waste engine oil and waste plastics,2,1,0,0,,DROP,,,油/蜡/衍生液体，不属于WastePlastic
ENT_1f60febc39483c47,waste mixture of HDPE and PP,2,1,1,2,high-density polyethylene (HDPE) (2); polypropylene (PP) (2),MERGE,WP02,混合聚烯烃废塑料,Mixed polyolefin waste
ENT_e4b1446826326905,waste plastic (WPE),2,1,2,1,polyethylene (PE) (2),MERGE,WP01,单一聚合物废塑料样品,Single-polymer waste plastic
ENT_a52564536c9cee39,waste plastic polymer,2,1,1,0,,MERGE,WP01,单一聚合物废塑料样品,Single-polymer waste plastic
ENT_0c9df0b9dca6b5bd,waste plastics from Sichang Island,2,1,0,5,high-density polyethylene (HDPE) (1); low-density polyethylene (LDPE) (1); polyethylene terephthalate (PET) (1); polypropylene (PP) (1); polystyrene (PS) (1),MERGE,WP03,多聚合物混合废塑料,Mixed multi-polymer waste
ENT_c987df8f70102a01,waste polybutadiene rubbers (BR),2,1,0,1,polybutadiene (BR) (1),MERGE,WP01,单一聚合物废塑料样品,Single-polymer waste plastic
ENT_452a26590f2e1ec0,waste polyolefines from municipal waste dump,2,1,0,3,polyethylene (PE) (1); polypropylene (PP) (1); polystyrene (PS) (1),MERGE,WP03,多聚合物混合废塑料,Mixed multi-polymer waste
ENT_d0cc9a6508dd1b89,waste polyolefins residue,2,1,1,1,polyolefins (2),MERGE,WP01,单一聚合物废塑料样品,Single-polymer waste plastic
ENT_7614781e797f0c70,waste polypropylene plastics disposal cup,2,1,0,1,polypropylene (PP) (1),MERGE,WP01,单一聚合物废塑料样品,Single-polymer waste plastic
ENT_5cf4de1cbf3e96ab,waste rubber residue,2,1,0,1,polyethylene (PE) (2),DROP,,,轮胎/橡胶原料，不属于WastePlastic
ENT_37b8e36ba4f6106a,waste sourced high molecular weight hydrocarbon mixtures,2,1,0,0,,MERGE,WP35,特定场景/专用塑料废弃物,Specific-context plastic waste
ENT_49ebc77827c82989,weighing boat,2,1,0,1,polystyrene (PS) (1),MERGE,WP01,单一聚合物废塑料样品,Single-polymer waste plastic
ENT_83dac53583f0145e,woven basket,2,1,2,1,polyethylene (PE) (1),MERGE,WP01,单一聚合物废塑料样品,Single-polymer waste plastic
ENT_c81b15b4ba10d30f,100 kGy irradiated polypropylene,1,1,1,1,polypropylene (PP) (1),MERGE,WP01,单一聚合物废塑料样品,Single-polymer waste plastic
ENT_ea37311c1c7b8b43,100% HDPE,1,1,0,1,high-density polyethylene (HDPE) (1),MERGE,WP01,单一聚合物废塑料样品,Single-polymer waste plastic
ENT_f726321fe4540ad3,100% LDPE,1,1,0,1,low-density polyethylene (LDPE) (1),MERGE,WP01,单一聚合物废塑料样品,Single-polymer waste plastic
ENT_bf36415c8f29e769,100% PP,1,1,0,1,polypropylene (PP) (1),MERGE,WP01,单一聚合物废塑料样品,Single-polymer waste plastic
ENT_b26dee1d40e0daa4,2.25 g single use face mask,1,1,0,1,polypropylene (PP) (1),MERGE,WP16,医疗/PPE废塑料,Medical/PPE plastic waste
ENT_5620dd2512818af7,3D-mixed polyolefins (MPO),1,1,0,1,polyolefins (1),MERGE,WP02,混合聚烯烃废塑料,Mixed polyolefin waste
ENT_31e16420e4a890d1,50%PS + 50%PP,1,1,1,2,polystyrene (PS) (1); polypropylene (PP) (1),MERGE,WP03,多聚合物混合废塑料,Mixed multi-polymer waste
ENT_a89144310ce7a248,60/40 wt% PE/PS mixture,1,1,1,2,polyethylene (PE) (1); polystyrene (PS) (1),MERGE,WP03,多聚合物混合废塑料,Mixed multi-polymer waste
ENT_f98880155ba7c9b5,90%HDPE-A + 10%PS,1,1,0,2,high-density polyethylene (HDPE) (1); polystyrene (PS) (1),MERGE,WP03,多聚合物混合废塑料,Mixed multi-polymer waste
ENT_2c6f0730b46a37c8,ABS plastic,1,1,0,0,,MERGE,WP01,单一聚合物废塑料样品,Single-polymer waste plastic
ENT_00dd8dc4d3448193,AS waste,1,1,0,1,styrene-acrylonitrile copolymer (SAN) (1),MERGE,WP01,单一聚合物废塑料样品,Single-polymer waste plastic
ENT_f9870a884c0be411,Al/PVC mixture,1,1,1,2,polyvinyl chloride (PVC) (1); high-density polyethylene (HDPE) (1),MERGE,WP03,多聚合物混合废塑料,Mixed multi-polymer waste
ENT_cf3647a8fbced78f,American Plastics Council post-consumer plastics mixture,1,1,0,2,high-density polyethylene (HDPE) (1); polypropylene (PP) (1),MERGE,WP06,消费后废塑料,Post-consumer plastic waste
ENT_2821aa6f43de48e6,BFR and Sb2O3 embedded HIPS,1,1,1,1,polystyrene (PS) (1),MERGE,WP01,单一聚合物废塑料样品,Single-polymer waste plastic
ENT_d299d9b835e7c9e9,BFR laden TV shell made of ABS,1,1,1,1,acrylonitrile-butadiene-styrene (ABS) (1),MERGE,WP01,单一聚合物废塑料样品,Single-polymer waste plastic
ENT_7ff30d6957d18ea0,BPA-PC,1,1,1,2,polycarbonate (PC) (1); polyethylene terephthalate (PET) (1),MERGE,WP03,多聚合物混合废塑料,Mixed multi-polymer waste
ENT_cd37c913d04a23e3,Biodegradable plastics PLA and PHBH,1,1,1,2,polylactic acid (PLA) (1); poly(3-hydroxybutyrate-co-3-hydroxyhexanoate) (PHBH) (1),MERGE,WP03,多聚合物混合废塑料,Mixed multi-polymer waste
ENT_7d111dbee01f185b,Biowaste,1,1,1,1,high-density polyethylene (HDPE) (1),MERGE,WP01,单一聚合物废塑料样品,Single-polymer waste plastic
ENT_86b528de01c01c9d,Br-HIPS plastic,1,1,1,1,polypropylene (PP) (1),MERGE,WP25,阻燃/含溴废塑料,Flame-retarded/brominated plastic waste
ENT_5ddeae0a02b7936c,COVID-19 waste,1,1,0,1,polypropylene (PP) (1),MERGE,WP01,单一聚合物废塑料样品,Single-polymer waste plastic
ENT_cb9af3d65a437a76,CPO,1,1,0,0,,REVIEW,,,语义不足，暂不进入受控分类
ENT_8056b15a38ed7fa0,Chlorella sorokiniana residue,1,1,1,0,,DROP,,,生物质/煤/无机物，不属于WastePlastic
ENT_ba7b30335d3159d1,Cl-contaminated PP,1,1,1,1,polypropylene (PP) (1),MERGE,WP27,含油/受污染废塑料,Oil-contaminated/dirty plastic waste
ENT_7d4e5686899bc97c,Coca-Cola bottle,1,1,1,1,polyethylene terephthalate (PET) (1),MERGE,WP10,饮料瓶/容器废塑料,Bottle/container plastic waste
ENT_c398be812845ecc8,DPO,1,1,0,0,,REVIEW,,,语义不足，暂不进入受控分类
ENT_1710ffebd5e09cfb,DPVC,1,1,0,1,polyvinyl chloride (PVC) (1),MERGE,WP01,单一聚合物废塑料样品,Single-polymer waste plastic
ENT_795ec1b706c322e2,Disposable gloves,1,1,1,3,polyvinyl chloride (PVC) (1); polypropylene (PP) (1); polystyrene (PS) (1),MERGE,WP23,一次性塑料制品,Single-use plastic products
ENT_83bbcd1c83d0d525,Douglas fir and low-density polyethylene,1,1,0,1,low-density polyethylene (LDPE) (1),MERGE,WP01,单一聚合物废塑料样品,Single-polymer waste plastic
ENT_5eac503697de9e6a,Dustbin,1,1,0,1,polyethylene (PE) (1),MERGE,WP01,单一聚合物废塑料样品,Single-polymer waste plastic
ENT_b72e37ad8778f08e,EAA waste,1,1,1,6,polyethylene (PE) (1); polypropylene (PP) (1); polyethylene terephthalate (PET) (1); polystyrene (PS) (1); ethylene-vinyl acetate (EVA) (1); polyvinyl chloride (PVC) (1),MERGE,WP03,多聚合物混合废塑料,Mixed multi-polymer waste
ENT_28f319483450a24e,EPDM,1,1,0,1,ethylene-propylene-diene rubber (EPDM) (1),MERGE,WP01,单一聚合物废塑料样品,Single-polymer waste plastic
ENT_a1522d589349503b,EVA waste,1,1,1,6,polyethylene (PE) (1); polypropylene (PP) (1); polyethylene terephthalate (PET) (1); polystyrene (PS) (1); ethylene-vinyl acetate (EVA) (1); polyvinyl chloride (PVC) (1),MERGE,WP03,多聚合物混合废塑料,Mixed multi-polymer waste
ENT_2871ff7486878356,Electric Waste,1,1,0,1,polycarbonate (PC) (1),MERGE,WP01,单一聚合物废塑料样品,Single-polymer waste plastic
ENT_a44d051630895784,Electric Wire,1,1,0,1,polyvinyl chloride (PVC) (1),MERGE,WP22,电缆/电线绝缘塑料,Cable/wire insulation plastic
ENT_70c3d59bc94ae27f,Electrical components with PC content,1,1,1,1,polycarbonate (PC) (1),MERGE,WP01,单一聚合物废塑料样品,Single-polymer waste plastic
ENT_138c9669c8f6b1e2,Ex-RPET,1,1,1,1,polyethylene terephthalate (PET) (1),MERGE,WP01,单一聚合物废塑料样品,Single-polymer waste plastic
ENT_336e7623b691629d,FCC slurry oil,1,1,0,0,,DROP,,,油/蜡/衍生液体，不属于WastePlastic
ENT_79a09273ce281c0a,FPUF,1,1,0,0,,MERGE,WP21,泡沫/保温塑料废弃物,Foam/insulation plastic waste
ENT_b0d1b6d74ee04ed2,FR4 (epoxy composite) type PCBs,1,1,1,1,epoxy resin (1),MERGE,WP01,单一聚合物废塑料样品,Single-polymer waste plastic
ENT_29f8a48b10c986aa,Fenxi coal,1,1,0,0,,DROP,,,生物质/煤/无机物，不属于WastePlastic
ENT_7808786bc6931692,Film,1,1,1,1,polystyrene (PS) (1),MERGE,WP11,袋/薄膜类废塑料,Bag/film plastic waste
ENT_321e2d5ade8f7bd2,"Film (LDPE, HDPE)",1,1,1,2,low-density polyethylene (LDPE) (1); high-density polyethylene (HDPE) (1),MERGE,WP11,袋/薄膜类废塑料,Bag/film plastic waste
ENT_8c9f70f29e4b5f36,Flame-retardant high-impact PS,1,1,0,1,polystyrene (PS) (1),MERGE,WP01,单一聚合物废塑料样品,Single-polymer waste plastic
ENT_9ac293731686517a,Flexible PVC,1,1,1,1,polyvinyl chloride (PVC) (1),MERGE,WP01,单一聚合物废塑料样品,Single-polymer waste plastic
ENT_2479dca7ebcfb12f,HCl-containing waste plastics,1,1,0,1,polyvinyl chloride (PVC) (1),MERGE,WP01,单一聚合物废塑料样品,Single-polymer waste plastic
ENT_c2920092b0400d4f,HDPE & PE+PP,1,1,1,3,high-density polyethylene (HDPE) (1); polyethylene (PE) (1); polypropylene (PP) (1),MERGE,WP02,混合聚烯烃废塑料,Mixed polyolefin waste
ENT_5f6208c34bb6b5e2,HDPE + pine sawdust,1,1,1,1,high-density polyethylene (HDPE) (1),DROP,,,生物质/煤/无机物，不属于WastePlastic
ENT_ff2b70d00e3679d7,HDPE 10062E7,1,1,0,1,high-density polyethylene (HDPE) (1),MERGE,WP01,单一聚合物废塑料样品,Single-polymer waste plastic
ENT_7be998304b496722,HDPE and PET plastic waste,1,1,0,2,high-density polyethylene (HDPE) (1); polyethylene terephthalate (PET) (1),MERGE,WP02,混合聚烯烃废塑料,Mixed polyolefin waste
ENT_1e2ef24d8afcba90,HDPE based waste product,1,1,0,1,high-density polyethylene (HDPE) (1),MERGE,WP01,单一聚合物废塑料样品,Single-polymer waste plastic
ENT_ad30ea2b0489f335,HDPE model,1,1,1,1,high-density polyethylene (HDPE) (1),MERGE,WP34,实验/模型塑料样品,Experimental/model plastic sample
ENT_f2a3e8928a527fa5,HDPE plastic in the form of plastic bottle caps,1,1,0,1,high-density polyethylene (HDPE) (1),MERGE,WP10,饮料瓶/容器废塑料,Bottle/container plastic waste
ENT_6f37c1b571c34c31,HDPE plastic materials,1,1,0,1,high-density polyethylene (HDPE) (1),MERGE,WP01,单一聚合物废塑料样品,Single-polymer waste plastic
ENT_823f46be1cde9d62,HDPE plastic pellets,1,1,1,1,high-density polyethylene (HDPE) (1),MERGE,WP31,颗粒/粉末/片料/碎料,Pellet/powder/flake/shredded plastic
ENT_cbf78ab2ef1425ac,HDPE powder,1,1,0,1,high-density polyethylene (HDPE) (1),MERGE,WP31,颗粒/粉末/片料/碎料,Pellet/powder/flake/shredded plastic
ENT_736a1c646b30a91e,HDPE preheated to 185 °C,1,1,1,1,high-density polyethylene (HDPE) (1),MERGE,WP01,单一聚合物废塑料样品,Single-polymer waste plastic
ENT_abb78bd31713e246,HDPE preheated to 240 °C,1,1,1,1,high-density polyethylene (HDPE) (1),MERGE,WP01,单一聚合物废塑料样品,Single-polymer waste plastic
ENT_6f36df72d3008455,HDPE samples,1,1,0,1,high-density polyethylene (HDPE) (1),MERGE,WP01,单一聚合物废塑料样品,Single-polymer waste plastic
ENT_37a1a64013099010,HDPE strips,1,1,1,1,high-density polyethylene (HDPE) (1),MERGE,WP01,单一聚合物废塑料样品,Single-polymer waste plastic
ENT_8c614decbd11909c,HDPE waste plastic bottles,1,1,1,1,high-density polyethylene (HDPE) (1),MERGE,WP10,饮料瓶/容器废塑料,Bottle/container plastic waste
ENT_6e6ca3a3e4ea4735,HDPE waste plastic drum,1,1,1,1,high-density polyethylene (HDPE) (1),MERGE,WP01,单一聚合物废塑料样品,Single-polymer waste plastic
ENT_ec980c22e08186dc,HDPE waste plastic product,1,1,1,1,high-density polyethylene (HDPE) (1),MERGE,WP01,单一聚合物废塑料样品,Single-polymer waste plastic
ENT_dd66ecdb81ea615d,HDPE+UFO waste,1,1,1,1,high-density polyethylene (HDPE) (1),MERGE,WP01,单一聚合物废塑料样品,Single-polymer waste plastic
ENT_ffe194d8692c0603,"HDPE, LDPE and PP",1,1,1,3,high-density polyethylene (HDPE) (1); low-density polyethylene (LDPE) (1); polypropylene (PP) (1),MERGE,WP02,混合聚烯烃废塑料,Mixed polyolefin waste
ENT_31a52b5936c52d75,"HDPE, LDPE, PP and PS types of plastics",1,1,0,0,,MERGE,WP01,单一聚合物废塑料样品,Single-polymer waste plastic
ENT_aaff962a96a398a0,"HDPE, LDPE, PP, PS, PVC and PET",1,1,0,6,high-density polyethylene (HDPE) (1); low-density polyethylene (LDPE) (1); polypropylene (PP) (1); polystyrene (PS) (1); polyvinyl chloride (PVC) (1); polyethylene terephthalate (PET) (1),MERGE,WP03,多聚合物混合废塑料,Mixed multi-polymer waste
ENT_8883b09393d9dc60,"HDPE, PP, PS, PET mixture",1,1,1,4,high-density polyethylene (HDPE) (1); polypropylene (PP) (1); polystyrene (PS) (1); polyethylene terephthalate (PET) (1),MERGE,WP03,多聚合物混合废塑料,Mixed multi-polymer waste
ENT_f87be5fd5cc7f459,HDPE-PET mix,1,1,0,0,,MERGE,WP01,单一聚合物废塑料样品,Single-polymer waste plastic
ENT_f55c7569e1daa7eb,HDPE/LDPE mixed plastics,1,1,1,2,high-density polyethylene (HDPE) (1); low-density polyethylene (LDPE) (1),MERGE,WP02,混合聚烯烃废塑料,Mixed polyolefin waste
ENT_3f5bcc4a69e15f1d,HDPE/PP/PS/PET mix,1,1,1,4,high-density polyethylene (HDPE) (1); polypropylene (PP) (1); polystyrene (PS) (1); polyethylene terephthalate (PET) (1),MERGE,WP02,混合聚烯烃废塑料,Mixed polyolefin waste
ENT_3c0ed5fc07a16ef3,HDPE/PP/PS/PVC mixture,1,1,0,4,high-density polyethylene (HDPE) (1); polypropylene (PP) (1); polystyrene (PS) (1); polyvinyl chloride (PVC) (1),MERGE,WP02,混合聚烯烃废塑料,Mixed polyolefin waste
ENT_6a9babb333e4a499,HIPS containing decabromodiphenyl ethane or decaBDE with Sb2O3 synergist,1,1,1,3,polyethylene (PE) (1); polypropylene (PP) (1); polystyrene (PS) (1),MERGE,WP25,阻燃/含溴废塑料,Flame-retarded/brominated plastic waste
ENT_d0a7f98161792d3c,HIPS-Br mixed with PVC,1,1,1,2,polystyrene (PS) (1); polyvinyl chloride (PVC) (1),MERGE,WP03,多聚合物混合废塑料,Mixed multi-polymer waste
ENT_10016c0f8f34209b,Heavy wax from PE,1,1,1,1,polyethylene (PE) (1),DROP,,,油/蜡/衍生液体，不属于WastePlastic
ENT_7e08d02757acd904,High-impact flame-retardant polystyrene plastic,1,1,0,1,polystyrene (PS) (1),MERGE,WP01,单一聚合物废塑料样品,Single-polymer waste plastic
ENT_82ceb45abc43a3c7,IPW,1,1,0,0,,REVIEW,,,语义不足，暂不进入受控分类
ENT_63682eedc08368fb,"LD/HD-PE, PP, PS, and PET",1,1,1,3,polypropylene (PP) (1); polystyrene (PS) (1); polyethylene terephthalate (PET) (1),MERGE,WP03,多聚合物混合废塑料,Mixed multi-polymer waste
ENT_fbb6d03a2b08368c,LDPE & PS (Rigid),1,1,1,2,low-density polyethylene (LDPE) (1); polystyrene (PS) (1),MERGE,WP03,多聚合物混合废塑料,Mixed multi-polymer waste
ENT_0155ce2194db3180,LDPE + Al foil,1,1,0,1,low-density polyethylene (LDPE) (1),MERGE,WP01,单一聚合物废塑料样品,Single-polymer waste plastic
ENT_3a7894f7f7cce052,LDPE + PVC,1,1,1,2,low-density polyethylene (LDPE) (1); polyvinyl chloride (PVC) (1),MERGE,WP03,多聚合物混合废塑料,Mixed multi-polymer waste
ENT_e2536f3d2ed5add1,LDPE 780R,1,1,0,1,low-density polyethylene (LDPE) (1),MERGE,WP01,单一聚合物废塑料样品,Single-polymer waste plastic
ENT_deebf2111066f8eb,LDPE HP0823NN,1,1,0,1,low-density polyethylene (LDPE) (1),MERGE,WP01,单一聚合物废塑料样品,Single-polymer waste plastic
ENT_fb047517f462e5e4,LDPE agricultural film,1,1,1,1,low-density polyethylene (LDPE) (1),MERGE,WP12,农业膜/农业废塑料,Agricultural plastic waste
ENT_5d8705e22b36f51a,LDPE and Lignin (mixture),1,1,1,1,low-density polyethylene (LDPE) (1),MERGE,WP01,单一聚合物废塑料样品,Single-polymer waste plastic
ENT_92596e132610d0cd,LDPE and mixed,1,1,0,1,low-density polyethylene (LDPE) (1),MERGE,WP01,单一聚合物废塑料样品,Single-polymer waste plastic
ENT_cc04c7e56a45ead0,LDPE based waste product,1,1,0,1,low-density polyethylene (LDPE) (1),MERGE,WP01,单一聚合物废塑料样品,Single-polymer waste plastic
ENT_fa4bf08c929c2921,LDPE beads,1,1,0,0,,MERGE,WP01,单一聚合物废塑料样品,Single-polymer waste plastic
ENT_9415891173e8391e,LDPE cling film,1,1,1,1,low-density polyethylene (LDPE) (1),MERGE,WP11,袋/薄膜类废塑料,Bag/film plastic waste
ENT_1c1357aa6f17d426,LDPE feedstock,1,1,0,1,low-density polyethylene (LDPE) (1),MERGE,WP01,单一聚合物废塑料样品,Single-polymer waste plastic
ENT_bb929bb668157b63,LDPE granules,1,1,0,0,,MERGE,WP31,颗粒/粉末/片料/碎料,Pellet/powder/flake/shredded plastic
ENT_e8c6c11cb8318888,LDPE microplastics,1,1,0,1,low-density polyethylene (LDPE) (1),MERGE,WP28,微塑料/塑料碎片,Microplastic/plastic fragments
ENT_56d39874228149c9,LDPE plastic bottle feedstock,1,1,0,1,low-density polyethylene (LDPE) (1),MERGE,WP10,饮料瓶/容器废塑料,Bottle/container plastic waste
ENT_740735e61ad0ae1f,LDPE products,1,1,1,2,low-density polyethylene (LDPE) (1); high-density polyethylene (HDPE) (1),MERGE,WP02,混合聚烯烃废塑料,Mixed polyolefin waste
ENT_dd110f4ba1861728,LDPE scrap,1,1,0,1,low-density polyethylene (LDPE) (1),MERGE,WP01,单一聚合物废塑料样品,Single-polymer waste plastic
ENT_3cbd997c1a82b21f,LDPE used in this research,1,1,0,1,low-density polyethylene (LDPE) (1),MERGE,WP01,单一聚合物废塑料样品,Single-polymer waste plastic
ENT_02b8f3f29bd7fc7c,LDPE waste plastic product,1,1,1,1,low-density polyethylene (LDPE) (1),MERGE,WP01,单一聚合物废塑料样品,Single-polymer waste plastic
ENT_ce80da86d617ac4b,LDPE+HDPE+PP+PS,1,1,1,4,low-density polyethylene (LDPE) (1); high-density polyethylene (HDPE) (1); polypropylene (PP) (1); polystyrene (PS) (1),MERGE,WP03,多聚合物混合废塑料,Mixed multi-polymer waste
ENT_66db7aa8b98dcd5e,"LDPE, HDPE, PS, and PP mixed plastic waste",1,1,0,0,,MERGE,WP03,多聚合物混合废塑料,Mixed multi-polymer waste
ENT_ef1741b0fe4ffde6,LDPE-B,1,1,1,3,high-density polyethylene (HDPE) (1); low-density polyethylene (LDPE) (1); polystyrene (PS) (1),MERGE,WP03,多聚合物混合废塑料,Mixed multi-polymer waste
ENT_755a6ca2d6e6052e,LDPE/PP blend,1,1,0,2,low-density polyethylene (LDPE) (1); polypropylene (PP) (1),MERGE,WP02,混合聚烯烃废塑料,Mixed polyolefin waste
ENT_311983f0df9336da,LDPE/PP mixed plastic waste,1,1,1,2,low-density polyethylene (LDPE) (1); polypropylene (PP) (1),MERGE,WP02,混合聚烯烃废塑料,Mixed polyolefin waste
ENT_838c68e23128a451,LDPE/PP/PS mixture,1,1,0,3,low-density polyethylene (LDPE) (1); polypropylene (PP) (1); polystyrene (PS) (1),MERGE,WP02,混合聚烯烃废塑料,Mixed polyolefin waste
ENT_b9518bb33e96609b,LDPE/PP/PS/PVC mixture,1,1,0,4,low-density polyethylene (LDPE) (1); polypropylene (PP) (1); polystyrene (PS) (1); polyvinyl chloride (PVC) (1),MERGE,WP02,混合聚烯烃废塑料,Mixed polyolefin waste
ENT_d162a4101898f7fe,LDPE/PP/PVC mixture,1,1,0,3,low-density polyethylene (LDPE) (1); polypropylene (PP) (1); polyvinyl chloride (PVC) (1),MERGE,WP02,混合聚烯烃废塑料,Mixed polyolefin waste
ENT_cfa7891b79fb53ce,LDPE/PS waste,1,1,1,2,low-density polyethylene (LDPE) (1); polystyrene (PS) (1),MERGE,WP03,多聚合物混合废塑料,Mixed multi-polymer waste
ENT_6c1f5676ca4b5929,LDPEW,1,1,0,1,low-density polyethylene (LDPE) (1),MERGE,WP01,单一聚合物废塑料样品,Single-polymer waste plastic
ENT_853aa0054551296c,LLDPE Borecene 8169,1,1,0,1,linear low-density polyethylene (LLDPE) (1),MERGE,WP01,单一聚合物废塑料样品,Single-polymer waste plastic
ENT_970becc45b9dae2b,LLDPE Dowlex NG 2431.10E,1,1,0,1,linear low-density polyethylene (LLDPE) (1),MERGE,WP01,单一聚合物废塑料样品,Single-polymer waste plastic
ENT_8a0e24d7eac643b0,LLDPE Escorene LL-6201,1,1,0,1,linear low-density polyethylene (LLDPE) (1),MERGE,WP01,单一聚合物废塑料样品,Single-polymer waste plastic
ENT_0e2cdba323858189,Lays Wrapper,1,1,0,2,polypropylene (PP) (1); low-density polyethylene (LDPE) (1),MERGE,WP16,医疗/PPE废塑料,Medical/PPE plastic waste
ENT_2949a8a19ce6194f,MF blend,1,1,0,2,polyethylene (PE) (1); low-density polyethylene (LDPE) (1),MERGE,WP02,混合聚烯烃废塑料,Mixed polyolefin waste
ENT_4389cfffb59d51ac,"MP (30 PE, 30 PP, 30 PS, and 10 PVC)",1,1,0,4,polyethylene (PE) (1); polypropylene (PP) (1); polystyrene (PS) (1); polyvinyl chloride (PVC) (1),MERGE,WP03,多聚合物混合废塑料,Mixed multi-polymer waste
ENT_17225ab7a70dfd4c,"MP (35 LDPE, 25 PP, 20 HDPE, 10 PS, and 10 PVC)",1,1,0,5,low-density polyethylene (LDPE) (1); polypropylene (PP) (1); high-density polyethylene (HDPE) (1); polystyrene (PS) (1); polyvinyl chloride (PVC) (1),MERGE,WP03,多聚合物混合废塑料,Mixed multi-polymer waste
ENT_27b5fbfe73dc3b1d,MP (90 PP and 10 PVC),1,1,1,2,polypropylene (PP) (1); polyvinyl chloride (PVC) (1),MERGE,WP03,多聚合物混合废塑料,Mixed multi-polymer waste
ENT_43fee99939b74dd7,"MP (ABS, HIPS, PC, and PP)",1,1,0,4,acrylonitrile-butadiene-styrene (ABS) (1); polystyrene (PS) (1); polycarbonate (PC) (1); polypropylene (PP) (1),MERGE,WP03,多聚合物混合废塑料,Mixed multi-polymer waste
ENT_342b9669b0a6d3a1,"MP (PE, PP, PS, and PVC)",1,1,0,4,polyethylene (PE) (1); polypropylene (PP) (1); polystyrene (PS) (1); polyvinyl chloride (PVC) (1),MERGE,WP03,多聚合物混合废塑料,Mixed multi-polymer waste
ENT_64bfd265a1b13a61,MP I,1,1,0,4,high-density polyethylene (HDPE) (1); low-density polyethylene (LDPE) (1); polypropylene (PP) (1); polylactic acid (PLA) (1),MERGE,WP03,多聚合物混合废塑料,Mixed multi-polymer waste
ENT_da40c83c0340def1,MP II,1,1,0,3,high-density polyethylene (HDPE) (1); low-density polyethylene (LDPE) (1); polypropylene (PP) (1),MERGE,WP02,混合聚烯烃废塑料,Mixed polyolefin waste
ENT_788a978fb2eed1d5,MSW3,1,1,0,1,polyolefins (1),MERGE,WP01,单一聚合物废塑料样品,Single-polymer waste plastic
ENT_a9ffc7969ee25587,MWP waste,1,1,0,0,,MERGE,WP35,特定场景/专用塑料废弃物,Specific-context plastic waste
ENT_de85019bcee62a82,Nannochloropsis sp,1,1,1,0,,DROP,,,生物质/煤/无机物，不属于WastePlastic
ENT_431e86f42306f4c2,Non sieved 10-year-old landfill plastic waste,1,1,1,0,,MERGE,WP33,填埋/垃圾场塑料残余,Landfill/dumpsite plastic residue
ENT_f15d4119a5cbbc90,"Nylon 6,6",1,1,1,1,polyamide 66 (PA66) (1),MERGE,WP01,单一聚合物废塑料样品,Single-polymer waste plastic
ENT_dd50b0353b345b0d,Nylon-6,1,1,0,1,polyamide 6 (PA6) (1),MERGE,WP01,单一聚合物废塑料样品,Single-polymer waste plastic
ENT_491ac6c9a36885f0,P waste,1,1,0,1,polypropylene (PP) (1),MERGE,WP01,单一聚合物废塑料样品,Single-polymer waste plastic
ENT_683e74a2ff9792c7,PA plastic,1,1,0,1,polyamide (PA) (1),MERGE,WP01,单一聚合物废塑料样品,Single-polymer waste plastic
ENT_1bb6dcc95a77af48,PA-66,1,1,0,0,,MERGE,WP01,单一聚合物废塑料样品,Single-polymer waste plastic
ENT_14d1854cdf056ce3,PAN waste,1,1,0,1,polyacrylonitrile (PAN) (1),MERGE,WP01,单一聚合物废塑料样品,Single-polymer waste plastic
ENT_84bd0600ce7bd40d,PBAT,1,1,1,3,polyethylene terephthalate (PET) (1); polyvinyl chloride (PVC) (1); polybutylene adipate terephthalate (PBAT) (1),MERGE,WP03,多聚合物混合废塑料,Mixed multi-polymer waste
ENT_17d1d8c68be7b4dc,PBT waste,1,1,0,1,polybutylene terephthalate (PBT) (1),MERGE,WP01,单一聚合物废塑料样品,Single-polymer waste plastic
ENT_908e6d3b146a3d35,PC plastic,1,1,0,1,polycarbonate (PC) (1),MERGE,WP01,单一聚合物废塑料样品,Single-polymer waste plastic
ENT_2b030b54b877262e,PC/PS waste,1,1,0,0,,MERGE,WP03,多聚合物混合废塑料,Mixed multi-polymer waste
ENT_0d08a1435306b663,PE (90%)+PS (10%),1,1,1,2,polyethylene (PE) (1); polystyrene (PS) (1),MERGE,WP03,多聚合物混合废塑料,Mixed multi-polymer waste
ENT_2448b21891548099,PE (HMPE35A),1,1,0,1,low-density polyethylene (LDPE) (1),MERGE,WP01,单一聚合物废塑料样品,Single-polymer waste plastic
ENT_e067d7b7ff1d9e30,PE (MF),1,1,1,1,polyethylene (PE) (1),MERGE,WP01,单一聚合物废塑料样品,Single-polymer waste plastic
ENT_c148dce4869b18d8,PE + PU,1,1,1,2,polyethylene (PE) (1); polyurethane (PU) (1),MERGE,WP03,多聚合物混合废塑料,Mixed multi-polymer waste
ENT_448654730952963f,PE + rusty wastes,1,1,1,1,polyethylene (PE) (1),MERGE,WP01,单一聚合物废塑料样品,Single-polymer waste plastic
ENT_df79c2b20d2bede0,PE fishing net,1,1,1,1,polyethylene (PE) (1),MERGE,WP18,渔业/渔网塑料废弃物,Fishery/net plastic waste
ENT_6fbb1239939ccf72,PE packaging bags,1,1,1,0,,MERGE,WP08,包装废塑料,Packaging plastic waste
ENT_f171a3a321ac19ee,PE raw material,1,1,0,2,low-density polyethylene (LDPE) (1); high-density polyethylene (HDPE) (1),MERGE,WP02,混合聚烯烃废塑料,Mixed polyolefin waste
ENT_1fb35cc8e17b4196,PE rigid/film,1,1,1,4,polyethylene (PE) (1); polypropylene (PP) (1); polyethylene terephthalate (PET) (1); polystyrene (PS) (1),MERGE,WP11,袋/薄膜类废塑料,Bag/film plastic waste
ENT_950d19dfba72f671,"PE, PP and PVC mixture",1,1,1,3,polyethylene (PE) (1); polypropylene (PP) (1); polyvinyl chloride (PVC) (1),MERGE,WP03,多聚合物混合废塑料,Mixed multi-polymer waste
ENT_151522d4e441eb25,PE/PA waste,1,1,0,0,,MERGE,WP03,多聚合物混合废塑料,Mixed multi-polymer waste
ENT_c25df3fda53ad83b,PE/PP/PS blends,1,1,0,0,,MERGE,WP02,混合聚烯烃废塑料,Mixed polyolefin waste
ENT_1cc39473765c2b45,PE/PP/PS/PVC waste mixture,1,1,1,4,polyethylene (PE) (1); polypropylene (PP) (1); polystyrene (PS) (1); polyvinyl chloride (PVC) (1),MERGE,WP02,混合聚烯烃废塑料,Mixed polyolefin waste
ENT_1873d487cc78895e,PE/PP/PVC mixture,1,1,1,3,polyethylene (PE) (1); polypropylene (PP) (1); polyvinyl chloride (PVC) (1),MERGE,WP02,混合聚烯烃废塑料,Mixed polyolefin waste
ENT_2e5a5f0afdebc980,PE/PS mix,1,1,1,2,polyethylene (PE) (1); polystyrene (PS) (1),MERGE,WP03,多聚合物混合废塑料,Mixed multi-polymer waste
ENT_e0f0280ac2d6ed9f,PE/PS/PVC mixed plastic,1,1,1,3,polyethylene (PE) (1); polystyrene (PS) (1); polyvinyl chloride (PVC) (1),MERGE,WP03,多聚合物混合废塑料,Mixed multi-polymer waste
ENT_841b155bc594b812,PE/PVC mixed plastic,1,1,1,2,polyethylene (PE) (1); polyvinyl chloride (PVC) (1),MERGE,WP03,多聚合物混合废塑料,Mixed multi-polymer waste
ENT_c7c3fa24fd163be0,PE:PP 50:50 mixture,1,1,1,2,polyethylene (PE) (1); polypropylene (PP) (1),MERGE,WP02,混合聚烯烃废塑料,Mixed polyolefin waste
ENT_400ae913c98555a1,PE:PS 50:50 mixture,1,1,1,2,polyethylene (PE) (1); polystyrene (PS) (1),MERGE,WP03,多聚合物混合废塑料,Mixed multi-polymer waste
ENT_0f43921843d3d908,PEEK waste,1,1,0,1,polyether ether ketone (PEEK) (1),MERGE,WP01,单一聚合物废塑料样品,Single-polymer waste plastic
ENT_f3d7549d9c73f33d,PEKK,1,1,0,1,polyetherketoneketone (PEKK) (1),MERGE,WP01,单一聚合物废塑料样品,Single-polymer waste plastic
ENT_b7c459e380960dec,PEPP plastic waste,1,1,1,0,,MERGE,WP01,单一聚合物废塑料样品,Single-polymer waste plastic
ENT_b1cbf73bc2ec4bc1,PET + HDPE + PVC + LDPE + PP + PS,1,1,1,6,polyethylene terephthalate (PET) (1); high-density polyethylene (HDPE) (1); polyvinyl chloride (PVC) (1); low-density polyethylene (LDPE) (1); polypropylene (PP) (1); polystyrene (PS) (1),MERGE,WP03,多聚合物混合废塑料,Mixed multi-polymer waste
ENT_3715d454b75b5c65,PET particles,1,1,0,0,,MERGE,WP01,单一聚合物废塑料样品,Single-polymer waste plastic
ENT_6bf9ab728f95dde6,PET pellets,1,1,0,1,polyethylene terephthalate (PET) (1),MERGE,WP31,颗粒/粉末/片料/碎料,Pellet/powder/flake/shredded plastic
ENT_a7f4648f19d6eaf5,PET regranulate,1,1,0,1,polyethylene terephthalate (PET) (1),MERGE,WP01,单一聚合物废塑料样品,Single-polymer waste plastic
ENT_8b4284571b7f16af,PET toiletry bottle,1,1,1,1,polyethylene terephthalate (PET) (1),MERGE,WP10,饮料瓶/容器废塑料,Bottle/container plastic waste
ENT_8f08c285fd5395a9,"PET, BOPP, PE and MET",1,1,0,3,polyethylene terephthalate (PET) (1); polypropylene (PP) (1); polyethylene (PE) (1),MERGE,WP02,混合聚烯烃废塑料,Mixed polyolefin waste
ENT_2f1f9f241209ef74,PET-based waste carpet backing material,1,1,1,1,polyethylene terephthalate (PET) (1),MERGE,WP20,纺织/纤维/地毯塑料废弃物,Textile/fibre/carpet plastic waste
ENT_0919a76009bfcd03,PET-derived EG,1,1,1,1,polyethylene terephthalate (PET) (1),MERGE,WP01,单一聚合物废塑料样品,Single-polymer waste plastic
ENT_cdfb6c8172bdc6d6,PET-rich industrial waste,1,1,1,2,polyethylene terephthalate (PET) (1); polyolefins (1),MERGE,WP02,混合聚烯烃废塑料,Mixed polyolefin waste
ENT_6ed2b2b72d17cac2,PET/PE laminated,1,1,1,2,polyethylene terephthalate (PET) (1); polyethylene (PE) (1),MERGE,WP32,多层/复合/金属化塑料,Multilayer/composite/metallised plastic
ENT_72ffce326851f885,PET:HDPE mixed waste plastics,1,1,1,0,,MERGE,WP01,单一聚合物废塑料样品,Single-polymer waste plastic
ENT_cba1aac35b520f42,PEs,1,1,1,1,polyethylene (PE) (1),MERGE,WP01,单一聚合物废塑料样品,Single-polymer waste plastic
ENT_ebfc4bcaccf141b3,PIR pellet,1,1,0,0,,MERGE,WP31,颗粒/粉末/片料/碎料,Pellet/powder/flake/shredded plastic
ENT_75c3ed039c64e7c3,PL,1,1,1,0,,REVIEW,,,语义不足，暂不进入受控分类
ENT_db78eac19cc49ee0,"PLA (commercial, 3-mm particles)",1,1,0,0,,MERGE,WP01,单一聚合物废塑料样品,Single-polymer waste plastic
ENT_92ef45db202257ab,"PLA (commercial, 4043D)",1,1,0,0,,MERGE,WP01,单一聚合物废塑料样品,Single-polymer waste plastic
ENT_6ed4ccd7689dc45e,"PLA (commercial, pellets)",1,1,0,0,,MERGE,WP31,颗粒/粉末/片料/碎料,Pellet/powder/flake/shredded plastic
ENT_3b658a5e36e90bb4,PLA plastic,1,1,0,1,polylactic acid (PLA) (1),MERGE,WP01,单一聚合物废塑料样品,Single-polymer waste plastic
ENT_3f77da0fd5efd4f3,PLA/PBAT,1,1,1,5,polycarbonate (PC) (1); polyethylene terephthalate (PET) (1); polylactic acid (PLA) (1); polybutylene succinate (PBS) (1); polybutylene adipate terephthalate (PBAT) (1),MERGE,WP03,多聚合物混合废塑料,Mixed multi-polymer waste
ENT_8f1702e5207c3501,PLA/PBS,1,1,1,5,polycarbonate (PC) (1); polyethylene terephthalate (PET) (1); polylactic acid (PLA) (1); polybutylene succinate (PBS) (1); polybutylene adipate terephthalate (PBAT) (1),MERGE,WP03,多聚合物混合废塑料,Mixed multi-polymer waste
ENT_d00b53a4ae149644,PLA/PET mixer,1,1,1,2,polylactic acid (PLA) (1); polyethylene terephthalate (PET) (1),MERGE,WP03,多聚合物混合废塑料,Mixed multi-polymer waste
ENT_ddd1120eae3bac6e,PMD plastics fraction,1,1,0,4,polyethylene terephthalate (PET) (1); high-density polyethylene (HDPE) (1); polypropylene (PP) (1); low-density polyethylene (LDPE) (1),MERGE,WP02,混合聚烯烃废塑料,Mixed polyolefin waste
ENT_9462809899df254e,POC waste,1,1,0,2,poly(methyl methacrylate) (PMMA) (1); ethylene-vinyl acetate (EVA) (1),MERGE,WP03,多聚合物混合废塑料,Mixed multi-polymer waste
ENT_fffc5383fb9a770e,PP (70%)+PS (30%),1,1,1,2,polypropylene (PP) (1); polystyrene (PS) (1),MERGE,WP03,多聚合物混合废塑料,Mixed multi-polymer waste
ENT_2749109d47f8794e,PP (HM20/70P),1,1,0,1,polypropylene (PP) (1),MERGE,WP01,单一聚合物废塑料样品,Single-polymer waste plastic
ENT_8f1134520073b50e,PP (block),1,1,1,1,polypropylene (PP) (1),MERGE,WP01,单一聚合物废塑料样品,Single-polymer waste plastic
ENT_090047e20065f33b,PP + PE oil,1,1,0,0,,MERGE,WP35,特定场景/专用塑料废弃物,Specific-context plastic waste
ENT_1e2f1a6c6703da12,PP and HDPE fractions recovered from landfills and collection centers,1,1,0,2,polypropylene (PP) (1); high-density polyethylene (HDPE) (1),MERGE,WP33,填埋/垃圾场塑料残余,Landfill/dumpsite plastic residue
ENT_f7a80f6dd44f5e3a,PP and PE (1:1),1,1,0,2,polypropylene (PP) (1); polyethylene (PE) (1),MERGE,WP02,混合聚烯烃废塑料,Mixed polyolefin waste
ENT_61d3a951bf7a143c,PP and PE fractions,1,1,0,0,,MERGE,WP02,混合聚烯烃废塑料,Mixed polyolefin waste
ENT_642c54721a207389,PP and PE samples,1,1,0,0,,MERGE,WP02,混合聚烯烃废塑料,Mixed polyolefin waste
ENT_62eb8172cb522337,PP and PS mixture (2P3S),1,1,1,2,polypropylene (PP) (1); polystyrene (PS) (1),MERGE,WP03,多聚合物混合废塑料,Mixed multi-polymer waste
ENT_31a20bd05f8fa95a,PP containing decabromodiphenyl ethane (DecaBDE),1,1,0,0,,MERGE,WP25,阻燃/含溴废塑料,Flame-retarded/brominated plastic waste
ENT_e621df291c62f62f,PP copolymer waste,1,1,0,1,polypropylene (PP) (1),MERGE,WP01,单一聚合物废塑料样品,Single-polymer waste plastic
ENT_c500211096acbc6c,PP feed,1,1,0,1,polypropylene (PP) (1),MERGE,WP01,单一聚合物废塑料样品,Single-polymer waste plastic
ENT_1495e122069bbe2b,PP fibers,1,1,1,1,polypropylene (PP) (1),MERGE,WP20,纺织/纤维/地毯塑料废弃物,Textile/fibre/carpet plastic waste
ENT_6bbbb5a7c0821db7,PP residue,1,1,1,2,polypropylene (PP) (1); polyethylene (PE) (1),MERGE,WP02,混合聚烯烃废塑料,Mixed polyolefin waste
ENT_309e9b42dd693268,PP rigid/film,1,1,1,4,polyethylene (PE) (1); polypropylene (PP) (1); polyethylene terephthalate (PET) (1); polystyrene (PS) (1),MERGE,WP11,袋/薄膜类废塑料,Bag/film plastic waste
ENT_0b0ceee82363ce95,PP rope coastal debris,1,1,1,1,polypropylene (PP) (1),MERGE,WP01,单一聚合物废塑料样品,Single-polymer waste plastic
ENT_a39a65ca70ccba51,PP sample,1,1,0,0,,MERGE,WP35,特定场景/专用塑料废弃物,Specific-context plastic waste
ENT_bc058ef765ec6f5d,PP scraps,1,1,1,1,polypropylene (PP) (1),MERGE,WP01,单一聚合物废塑料样品,Single-polymer waste plastic
ENT_44013b7d58aff8ec,PP waste plastic product,1,1,1,1,polypropylene (PP) (1),MERGE,WP01,单一聚合物废塑料样品,Single-polymer waste plastic
ENT_99a159d4bf7760f9,"PP, HDPE, LDPE, HIPS and GPPS",1,1,0,4,polystyrene (PS) (2); polypropylene (PP) (1); high-density polyethylene (HDPE) (1); low-density polyethylene (LDPE) (1),MERGE,WP03,多聚合物混合废塑料,Mixed multi-polymer waste
ENT_fe1b49bd500eb365,PP-CL,1,1,1,1,polypropylene (PP) (1),MERGE,WP01,单一聚合物废塑料样品,Single-polymer waste plastic
ENT_666ac48c31ed3b22,PP-LDPE plastic mixture,1,1,0,2,polypropylene (PP) (1); low-density polyethylene (LDPE) (1),MERGE,WP02,混合聚烯烃废塑料,Mixed polyolefin waste
ENT_b80294663d5b29b6,PP-LDPE waste mixture,1,1,0,2,polypropylene (PP) (1); low-density polyethylene (LDPE) (1),MERGE,WP02,混合聚烯烃废塑料,Mixed polyolefin waste
ENT_9a8d0b70ac173d5f,PP-PE-PS-Other plastics mixture,1,1,1,3,polypropylene (PP) (1); polyethylene (PE) (1); polystyrene (PS) (1),MERGE,WP03,多聚合物混合废塑料,Mixed multi-polymer waste
ENT_f469b15f3adea110,PP-rich mixed plastic waste,1,1,0,3,polypropylene (PP) (1); polyethylene terephthalate (PET) (1); polyvinyl chloride (PVC) (1),MERGE,WP03,多聚合物混合废塑料,Mixed multi-polymer waste
ENT_b97e5f2bb07ea758,PP-rich products,1,1,1,2,polyvinyl chloride (PVC) (1); polypropylene (PP) (1),MERGE,WP03,多聚合物混合废塑料,Mixed multi-polymer waste
ENT_729456a60b41a99e,PP-wax,1,1,0,0,,DROP,,,油/蜡/衍生液体，不属于WastePlastic
ENT_788294c1b7b65d8f,PP/PA waste,1,1,0,0,,MERGE,WP03,多聚合物混合废塑料,Mixed multi-polymer waste
ENT_49441d7457ad23e7,PP/PE mix,1,1,1,2,polypropylene (PP) (1); polyethylene (PE) (1),MERGE,WP02,混合聚烯烃废塑料,Mixed polyolefin waste
ENT_00180aece5dfa594,PP/PET mixture,1,1,1,2,polypropylene (PP) (1); polyethylene terephthalate (PET) (1),MERGE,WP02,混合聚烯烃废塑料,Mixed polyolefin waste
ENT_2116970ce2f6f91b,PP/PVC mixed plastic,1,1,1,2,polypropylene (PP) (1); polyvinyl chloride (PVC) (1),MERGE,WP03,多聚合物混合废塑料,Mixed multi-polymer waste
ENT_214e3fd6f5464639,PP/PVC/PS mixed plastic,1,1,1,3,polypropylene (PP) (1); polyvinyl chloride (PVC) (1); polystyrene (PS) (1),MERGE,WP03,多聚合物混合废塑料,Mixed multi-polymer waste
ENT_21fdf3e153c3c272,PP:PS 50:50 mixture,1,1,1,2,polypropylene (PP) (1); polystyrene (PS) (1),MERGE,WP03,多聚合物混合废塑料,Mixed multi-polymer waste
ENT_2448ec520b12944d,PPE gowns made of PP,1,1,0,1,polypropylene (PP) (1),MERGE,WP16,医疗/PPE废塑料,Medical/PPE plastic waste
ENT_9fdc5f4a618d1f51,PPS,1,1,0,1,polyphenylene sulfide (PPS) (1),MERGE,WP01,单一聚合物废塑料样品,Single-polymer waste plastic
ENT_7e80a2bb213d8eac,PPW,1,1,0,1,polypropylene (PP) (1),MERGE,WP01,单一聚合物废塑料样品,Single-polymer waste plastic
ENT_cdb1115e958717c0,PS PW,1,1,1,1,polystyrene (PS) (1),MERGE,WP01,单一聚合物废塑料样品,Single-polymer waste plastic
ENT_a90ec5f8ef90db78,PS aviation cup,1,1,1,1,polystyrene (PS) (1),MERGE,WP01,单一聚合物废塑料样品,Single-polymer waste plastic
ENT_cdca16e25cb9b3bb,PS foam box,1,1,1,1,polystyrene (PS) (1),MERGE,WP21,泡沫/保温塑料废弃物,Foam/insulation plastic waste
ENT_a53c7bcf7401c62f,PS multilayer flexibles,1,1,1,4,polyethylene (PE) (1); polypropylene (PP) (1); polyethylene terephthalate (PET) (1); polystyrene (PS) (1),MERGE,WP32,多层/复合/金属化塑料,Multilayer/composite/metallised plastic
ENT_55d69976e8f5871c,PS pellets and foam,1,1,1,1,polystyrene (PS) (1),MERGE,WP21,泡沫/保温塑料废弃物,Foam/insulation plastic waste
ENT_f6c3e6a2f968eb89,PS powder,1,1,0,1,polystyrene (PS) (1),MERGE,WP31,颗粒/粉末/片料/碎料,Pellet/powder/flake/shredded plastic
ENT_f723d9a793e50c27,PS regranulate,1,1,0,1,polystyrene (PS) (1),MERGE,WP01,单一聚合物废塑料样品,Single-polymer waste plastic
ENT_af2ac59d1487d092,PS residue,1,1,1,2,polystyrene (PS) (1); polypropylene (PP) (1),MERGE,WP03,多聚合物混合废塑料,Mixed multi-polymer waste
ENT_396a1562739f208f,PS snack packaging,1,1,1,2,polyethylene terephthalate (PET) (1); polystyrene (PS) (1),MERGE,WP08,包装废塑料,Packaging plastic waste
ENT_2375613db987332f,PS-BD waste,1,1,0,0,,MERGE,WP35,特定场景/专用塑料废弃物,Specific-context plastic waste
ENT_962c39b3af7bb20e,PS-PBD,1,1,0,0,,MERGE,WP35,特定场景/专用塑料废弃物,Specific-context plastic waste
ENT_3715277b136d2c21,PS/PE (1:1),1,1,0,2,polystyrene (PS) (1); polyethylene (PE) (1),MERGE,WP03,多聚合物混合废塑料,Mixed multi-polymer waste
ENT_2fa57cf6439baf6c,PS/PE (1:1) feedstock,1,1,0,2,polystyrene (PS) (1); polyethylene (PE) (1),MERGE,WP03,多聚合物混合废塑料,Mixed multi-polymer waste
ENT_0cf7ca6d3f76fcc7,PS/PE mixed plastics,1,1,0,2,polystyrene (PS) (1); polyethylene (PE) (1),MERGE,WP03,多聚合物混合废塑料,Mixed multi-polymer waste
ENT_7ce78c0923265050,PS/PE/PP/PET plastic waste,1,1,0,4,polystyrene (PS) (1); polyethylene (PE) (1); polypropylene (PP) (1); polyethylene terephthalate (PET) (1),MERGE,WP02,混合聚烯烃废塑料,Mixed polyolefin waste
ENT_95ccd12a973e90fc,PS/PP plastic waste,1,1,0,2,polystyrene (PS) (1); polypropylene (PP) (1),MERGE,WP03,多聚合物混合废塑料,Mixed multi-polymer waste
ENT_b4bc17aaead897f2,PS9PP,1,1,0,2,polystyrene (PS) (1); polypropylene (PP) (1),MERGE,WP03,多聚合物混合废塑料,Mixed multi-polymer waste
ENT_f7ed1b6a9a9cbeee,PSPP,1,1,0,2,polystyrene (PS) (1); polypropylene (PP) (1),MERGE,WP03,多聚合物混合废塑料,Mixed multi-polymer waste
ENT_a4c6588a58fab0c5,PSPP9,1,1,0,2,polystyrene (PS) (1); polypropylene (PP) (1),MERGE,WP03,多聚合物混合废塑料,Mixed multi-polymer waste
ENT_0425e00736c0ae32,PU particles,1,1,1,1,polyurethane (PU) (1),MERGE,WP01,单一聚合物废塑料样品,Single-polymer waste plastic
ENT_ced8650159657085,PU plastic waste,1,1,0,1,polyurethane (PU) (1),MERGE,WP01,单一聚合物废塑料样品,Single-polymer waste plastic
ENT_6ac49c52ff77006c,PU-mattresses,1,1,0,1,polyurethane (PU) (1),MERGE,WP01,单一聚合物废塑料样品,Single-polymer waste plastic
ENT_ab410cea51ba7285,PUE waste,1,1,0,1,polyurethane (PU) (1),MERGE,WP01,单一聚合物废塑料样品,Single-polymer waste plastic
ENT_ac4f46c1df7f0a59,PUR foam,1,1,0,1,polyurethane (PU) (1),MERGE,WP21,泡沫/保温塑料废弃物,Foam/insulation plastic waste
ENT_29d5839b0ac081c7,PUR pellet,1,1,0,0,,MERGE,WP31,颗粒/粉末/片料/碎料,Pellet/powder/flake/shredded plastic
ENT_5ab3201ccca54bdf,PVA,1,1,0,0,,MERGE,WP01,单一聚合物废塑料样品,Single-polymer waste plastic
ENT_599ae0d3ee20e901,PVB,1,1,1,3,low-density polyethylene (LDPE) (1); polyvinyl butyral (PVB) (1); polyvinyl chloride (PVC) (1),MERGE,WP03,多聚合物混合废塑料,Mixed multi-polymer waste
ENT_d4d1902e7c9f6372,PVC cable insulation material,1,1,0,0,,MERGE,WP22,电缆/电线绝缘塑料,Cable/wire insulation plastic
ENT_ea2e82497beca3c0,PVC cable sheath,1,1,1,1,polyvinyl chloride (PVC) (1),MERGE,WP22,电缆/电线绝缘塑料,Cable/wire insulation plastic
ENT_e53386259a3731a0,PVC regranulate,1,1,0,1,polyvinyl chloride (PVC) (1),MERGE,WP01,单一聚合物废塑料样品,Single-polymer waste plastic
ENT_4e2c6b24420e88c5,PVC sealing strips (SS),1,1,1,1,polyvinyl chloride (PVC) (1),MERGE,WP01,单一聚合物废塑料样品,Single-polymer waste plastic
ENT_f73ae20190ad4392,PVC sheathing,1,1,1,1,polyvinyl chloride (PVC) (1),MERGE,WP01,单一聚合物废塑料样品,Single-polymer waste plastic
ENT_507903a0df1efbee,PVC waste from infusion tubes,1,1,0,1,polyvinyl chloride (PVC) (1),MERGE,WP01,单一聚合物废塑料样品,Single-polymer waste plastic
ENT_7c0e6b69f4d304a6,"PVC, PE, PET",1,1,0,3,polyvinyl chloride (PVC) (1); polyethylene (PE) (1); polyethylene terephthalate (PET) (1),MERGE,WP03,多聚合物混合废塑料,Mixed multi-polymer waste
ENT_e1300772747e31b2,PVC-containing commingled solid wastes,1,1,0,4,polyvinyl chloride (PVC) (1); polyethylene (PE) (1); polypropylene (PP) (1); polystyrene (PS) (1),MERGE,WP03,多聚合物混合废塑料,Mixed multi-polymer waste
ENT_5098673129076b3b,PVC-contaminated mixed waste,1,1,1,1,polyvinyl chloride (PVC) (1),MERGE,WP27,含油/受污染废塑料,Oil-contaminated/dirty plastic waste
ENT_a53cac28b6094142,PVC-contaminated plastic waste,1,1,0,1,polyvinyl chloride (PVC) (1),MERGE,WP27,含油/受污染废塑料,Oil-contaminated/dirty plastic waste
ENT_aca0109dc9c97c75,PVC-contaminated waste,1,1,0,1,polyvinyl chloride (PVC) (1),MERGE,WP27,含油/受污染废塑料,Oil-contaminated/dirty plastic waste
ENT_7a8e9ce8760598fb,PVC/ABS,1,1,0,0,,MERGE,WP01,单一聚合物废塑料样品,Single-polymer waste plastic
ENT_6999e016afd3bb85,PVDC,1,1,0,1,polyvinylidene chloride (PVDC) (1),MERGE,WP01,单一聚合物废塑料样品,Single-polymer waste plastic
ENT_e3be65fbbd22ea44,PVDC mixed waste plastics,1,1,0,1,polyvinylidene chloride (PVDC) (1),MERGE,WP01,单一聚合物废塑料样品,Single-polymer waste plastic
ENT_cc6be154c7c4d045,PVDC waste,1,1,0,1,polyvinylidene chloride (PVDC) (1),MERGE,WP01,单一聚合物废塑料样品,Single-polymer waste plastic
ENT_574b39bd6c167442,Patient kits,1,1,1,1,polyvinyl chloride (PVC) (1),MERGE,WP01,单一聚合物废塑料样品,Single-polymer waste plastic
ENT_64d31aee11d1399b,Pepsi Bottle,1,1,0,1,polyethylene terephthalate (PET) (1),MERGE,WP10,饮料瓶/容器废塑料,Bottle/container plastic waste
ENT_4665afa6c1623382,RPUF,1,1,0,0,,MERGE,WP21,泡沫/保温塑料废弃物,Foam/insulation plastic waste
ENT_38406eb905681688,SFM weighted average,1,1,1,0,,MERGE,WP35,特定场景/专用塑料废弃物,Specific-context plastic waste
ENT_d4401dc236fef2c1,Samui Island plastic waste,1,1,0,3,polyethylene (PE) (1); polypropylene (PP) (1); polystyrene (PS) (1),MERGE,WP03,多聚合物混合废塑料,Mixed multi-polymer waste
ENT_f274c12dd3d10881,Santini face mask,1,1,0,1,polypropylene (PP) (1),MERGE,WP16,医疗/PPE废塑料,Medical/PPE plastic waste
ENT_2fa94edd6cfad583,Sieved 10-year-old landfill plastic waste,1,1,1,0,,MERGE,WP33,填埋/垃圾场塑料残余,Landfill/dumpsite plastic residue
ENT_4916b29a7373df00,Sieved 10-year-old landfill plastic waste of 2x2 inches,1,1,1,0,,MERGE,WP33,填埋/垃圾场塑料残余,Landfill/dumpsite plastic residue
ENT_604c17724fde086a,Spirulina,1,1,1,0,,DROP,,,生物质/煤/无机物，不属于WastePlastic
ENT_1a3044bf70a8c167,Tetra Pak,1,1,0,1,low-density polyethylene (LDPE) (1),MERGE,WP01,单一聚合物废塑料样品,Single-polymer waste plastic
ENT_9450ad85f391174b,Toiletry bottle waste plastic,1,1,1,1,polyethylene terephthalate (PET) (1),MERGE,WP10,饮料瓶/容器废塑料,Bottle/container plastic waste
ENT_57494396e7552ec1,Tray,1,1,1,1,polystyrene (PS) (1),MERGE,WP01,单一聚合物废塑料样品,Single-polymer waste plastic
ENT_34dc30e8bf746e7c,Used PPE gowns made of PP,1,1,1,1,polypropylene (PP) (1),MERGE,WP16,医疗/PPE废塑料,Medical/PPE plastic waste
ENT_ebae9bb8a246e7ea,WEEE plastics (incl. PVC),1,1,0,1,polyvinyl chloride (PVC) (1),MERGE,WP13,WEEE/电子电器废塑料,WEEE/electronic plastic waste
ENT_d55bf2c3d5318ada,WEEE residue,1,1,1,4,acrylonitrile-butadiene-styrene (ABS) (1); polypropylene (PP) (1); polybutylene terephthalate (PBT) (1); polyvinyl chloride (PVC) (1),MERGE,WP13,WEEE/电子电器废塑料,WEEE/electronic plastic waste
ENT_b160deed5f679782,Waste POM plastics,1,1,1,1,polyoxymethylene (POM) (1),MERGE,WP01,单一聚合物废塑料样品,Single-polymer waste plastic
ENT_30ba3608801fc253,Waste flexible polyurethane foam,1,1,0,1,polyurethane (PU) (1),MERGE,WP21,泡沫/保温塑料废弃物,Foam/insulation plastic waste
ENT_dc7c71b886d3f4b6,Waste oil and grease,1,1,0,0,,DROP,,,油/蜡/衍生液体，不属于WastePlastic
ENT_72a08a98b4a4b9c7,Waste plastics and fiber products,1,1,0,9,polyolefins (1); polypropylene (PP) (1); polyethylene (PE) (1); polystyrene (PS) (1); polyacrylonitrile (PAN) (1); polyamide (PA) (1),MERGE,WP20,纺织/纤维/地毯塑料废弃物,Textile/fibre/carpet plastic waste
ENT_be498d4d6ebf3481,Waste polyolefin and other plastics,1,1,0,4,polyethylene (PE) (1); polypropylene (PP) (1); polybutene (1); polystyrene (PS) (1),MERGE,WP03,多聚合物混合废塑料,Mixed multi-polymer waste
ENT_0cb59890325721b6,Waste polyvinyl chloride products,1,1,0,1,polyvinyl chloride (PVC) (1),MERGE,WP01,单一聚合物废塑料样品,Single-polymer waste plastic
ENT_b0c6fd0fb81671a2,Water bottle waste plastic,1,1,1,1,polyethylene terephthalate (PET) (1),MERGE,WP10,饮料瓶/容器废塑料,Bottle/container plastic waste
ENT_3b66fe7393a95088,Xianfeng coal,1,1,0,0,,DROP,,,生物质/煤/无机物，不属于WastePlastic
ENT_76c97ef9a873bfed,Yanzhou coal,1,1,0,0,,DROP,,,生物质/煤/无机物，不属于WastePlastic
ENT_93e87510222978f7,Yilan coal,1,1,0,0,,DROP,,,生物质/煤/无机物，不属于WastePlastic
ENT_54bea7f456167d63,abandoned banner,1,1,0,1,polyester (1),MERGE,WP24,日用品/消费品塑料废弃物,Consumer-product plastic waste
ENT_89c1d9a323f89549,actual mixture,1,1,0,2,high-density polyethylene (HDPE) (1); polypropylene (PP) (1),MERGE,WP02,混合聚烯烃废塑料,Mixed polyolefin waste
ENT_975c1298d5aa0b4c,aged plastic feed,1,1,0,0,,MERGE,WP01,单一聚合物废塑料样品,Single-polymer waste plastic
ENT_bb711f8485490643,all materials,1,1,0,0,,DROP,,,过度泛化，无法支持有效分类分析
ENT_b3c9e6ecbb21418a,aluminum-coated plastic wastes,1,1,0,1,polycarbonate (PC) (1),MERGE,WP01,单一聚合物废塑料样品,Single-polymer waste plastic
ENT_46daff0322e085b8,aromatic plastic wastes with C-O linkages,1,1,1,4,polyethylene terephthalate (PET) (1); polyphenylene oxide (PPO) (1); polycarbonate (PC) (1); polystyrene (PS) (1),MERGE,WP03,多聚合物混合废塑料,Mixed multi-polymer waste
ENT_4ca24fa5009b3c63,bag (clear/black),1,1,1,2,high-density polyethylene (HDPE) (1); polystyrene (PS) (1),MERGE,WP11,袋/薄膜类废塑料,Bag/film plastic waste
ENT_8b121356637fc7a6,bag (white-trash),1,1,1,1,polystyrene (PS) (1),MERGE,WP11,袋/薄膜类废塑料,Bag/film plastic waste
ENT_3d35574b0f830553,biaxial oriented polypropylene waste,1,1,0,1,polypropylene (PP) (1),MERGE,WP01,单一聚合物废塑料样品,Single-polymer waste plastic
ENT_2f2f0af1ab109904,black- and white-colored PS,1,1,1,1,polystyrene (PS) (1),MERGE,WP01,单一聚合物废塑料样品,Single-polymer waste plastic
ENT_ca6fcea0065efed3,black-liquor lignin,1,1,0,0,,DROP,,,生物质/煤/无机物，不属于WastePlastic
ENT_95d3fa651de3f463,blended plastic waste,1,1,0,0,,MERGE,WP01,单一聚合物废塑料样品,Single-polymer waste plastic
ENT_276854fb63a91326,blended polypropylene waste,1,1,1,1,polypropylene (PP) (1),MERGE,WP01,单一聚合物废塑料样品,Single-polymer waste plastic
ENT_123b3d9f23430c9e,blood bag,1,1,1,1,polyvinyl chloride (PVC) (1),MERGE,WP11,袋/薄膜类废塑料,Bag/film plastic waste
ENT_e45e0a5fadd73ab0,bottles (milk/water),1,1,1,2,high-density polyethylene (HDPE) (1); polyethylene terephthalate (PET) (1),MERGE,WP10,饮料瓶/容器废塑料,Bottle/container plastic waste
ENT_973c2dc41cff71d2,brominated PUR foam,1,1,0,1,polyurethane (PU) (1),MERGE,WP25,阻燃/含溴废塑料,Flame-retarded/brominated plastic waste
ENT_3c8c7f4e96c2b0e6,bromine-contaminated PP wastes,1,1,1,1,polypropylene (PP) (1),MERGE,WP27,含油/受污染废塑料,Oil-contaminated/dirty plastic waste
ENT_f9b5ebd312ed35b8,brown salwood sawdust,1,1,0,0,,DROP,,,生物质/煤/无机物，不属于WastePlastic
ENT_bda57d51651351cc,building/construction waste,1,1,1,3,polyvinyl chloride (PVC) (1); polyurethane (PU) (1); polyethylene (PE) (1),MERGE,WP19,建筑/工程塑料废弃物,Construction/engineering plastic waste
ENT_051470c892744558,carbon fiber-reinforced epoxy-amine network,1,1,0,1,epoxy resin (1),MERGE,WP20,纺织/纤维/地毯塑料废弃物,Textile/fibre/carpet plastic waste
ENT_2560f587bc6de9de,carbon fiber-reinforced polyester composites,1,1,0,1,polyester (1),MERGE,WP20,纺织/纤维/地毯塑料废弃物,Textile/fibre/carpet plastic waste
ENT_ea7c81a50ed4c7a4,cellulose and PVC mixture,1,1,0,0,,MERGE,WP01,单一聚合物废塑料样品,Single-polymer waste plastic
ENT_3bd03a970d867c14,cellulose waste,1,1,0,0,,DROP,,,生物质/煤/无机物，不属于WastePlastic
ENT_c3fdf8632713d223,chemical bottles,1,1,0,1,polyethylene (PE) (1),MERGE,WP10,饮料瓶/容器废塑料,Bottle/container plastic waste
ENT_125ef22fde542f64,chicken eggshells,1,1,0,0,,DROP,,,生物质/煤/无机物，不属于WastePlastic
ENT_8e73963130bcc872,chlorinated and brominated plastic waste,1,1,1,1,polyvinyl chloride (PVC) (1),MERGE,WP25,阻燃/含溴废塑料,Flame-retarded/brominated plastic waste
ENT_99022ab8482523b3,chlorinated heavy wax,1,1,0,0,,DROP,,,油/蜡/衍生液体，不属于WastePlastic
ENT_7fc539b08bc49a56,clean PET flakes,1,1,1,1,polyethylene terephthalate (PET) (1),MERGE,WP31,颗粒/粉末/片料/碎料,Pellet/powder/flake/shredded plastic
ENT_afd4b1d6ca92e0e8,clear supermarket bags,1,1,0,1,polyethylene (PE) (1),MERGE,WP11,袋/薄膜类废塑料,Bag/film plastic waste
ENT_eefed48f722606e2,clogged materials,1,1,1,4,polyethylene (PE) (1); polypropylene (PP) (1); polyethylene terephthalate (PET) (1); polystyrene (PS) (1),MERGE,WP03,多聚合物混合废塑料,Mixed multi-polymer waste
ENT_98d0bb27205e818b,closures,1,1,1,1,polyethylene (PE) (1),MERGE,WP01,单一聚合物废塑料样品,Single-polymer waste plastic
ENT_688782841d25f694,coal-HDPE mixture,1,1,0,1,high-density polyethylene (HDPE) (1),DROP,,,生物质/煤/无机物，不属于WastePlastic
ENT_ff113699c7a602f3,coal-LLDPE mixture,1,1,0,1,linear low-density polyethylene (LLDPE) (1),DROP,,,生物质/煤/无机物，不属于WastePlastic
ENT_966f936a8e3f0f22,coal-polypropylene mixture,1,1,0,1,polypropylene (PP) (1),DROP,,,生物质/煤/无机物，不属于WastePlastic
ENT_fdb5a32b4b05ff7d,coal-polystyrene mixture,1,1,0,1,polystyrene (PS) (1),DROP,,,生物质/煤/无机物，不属于WastePlastic
ENT_8b3b912efd26cc57,combustible solid waste,1,1,0,1,polyvinyl chloride (PVC) (1),MERGE,WP01,单一聚合物废塑料样品,Single-polymer waste plastic
ENT_5fa1fde8d4e5f899,commercial PS products,1,1,1,1,polystyrene (PS) (1),MERGE,WP01,单一聚合物废塑料样品,Single-polymer waste plastic
ENT_9a35efaf14626820,commercial PVC,1,1,0,0,,MERGE,WP01,单一聚合物废塑料样品,Single-polymer waste plastic
ENT_abb02188e2e82dde,commercial plastic bag waste,1,1,0,1,polyethylene (PE) (1),MERGE,WP11,袋/薄膜类废塑料,Bag/film plastic waste
ENT_b81749b1a8efdf66,commercial plastic glass,1,1,0,0,,MERGE,WP01,单一聚合物废塑料样品,Single-polymer waste plastic
ENT_6178efd06d10c38a,commercial plastic waste,1,1,0,0,,MERGE,WP01,单一聚合物废塑料样品,Single-polymer waste plastic
ENT_a3b51a454c2e33f4,commingled polymer particles,1,1,0,0,,MERGE,WP03,多聚合物混合废塑料,Mixed multi-polymer waste
ENT_e90f7aed84cb4b8b,common single-use plastic items (ziploc bags and plastic films),1,1,0,0,,MERGE,WP11,袋/薄膜类废塑料,Bag/film plastic waste
ENT_96a99b8580fe8501,composite LDPE waste,1,1,0,1,low-density polyethylene (LDPE) (1),MERGE,WP01,单一聚合物废塑料样品,Single-polymer waste plastic
ENT_7bf1a54a59bd5291,composite packaging with aluminum,1,1,0,5,polyethylene (PE) (1); polypropylene (PP) (1); polystyrene (PS) (1); polyvinyl chloride (PVC) (1); polyethylene terephthalate (PET) (1),MERGE,WP08,包装废塑料,Packaging plastic waste
ENT_6ee4d01b020a7b31,compostable bioplastics,1,1,0,1,polyethylene (PE) (1),MERGE,WP01,单一聚合物废塑料样品,Single-polymer waste plastic
ENT_e29215b0bd2cd4af,core,1,1,1,1,poly(methyl methacrylate) (PMMA) (1),MERGE,WP01,单一聚合物废塑料样品,Single-polymer waste plastic
ENT_1813ac19aaba3733,crosslinked NBR/PVC foam waste,1,1,0,2,polyvinyl chloride (PVC) (1); nitrile rubber (NBR) (1),MERGE,WP21,泡沫/保温塑料废弃物,Foam/insulation plastic waste
ENT_0b4c0cc2a8aeb661,curbside MSW,1,1,0,3,high-density polyethylene (HDPE) (1); low-density polyethylene (LDPE) (1); polypropylene (PP) (1),MERGE,WP02,混合聚烯烃废塑料,Mixed polyolefin waste
ENT_8067a5ed3bbdee31,deep-freeze food pouches,1,1,0,1,polyethylene (PE) (1),MERGE,WP01,单一聚合物废塑料样品,Single-polymer waste plastic
ENT_b793cef3488c649b,dehydrogenated HDPE,1,1,1,1,high-density polyethylene (HDPE) (1),MERGE,WP01,单一聚合物废塑料样品,Single-polymer waste plastic
ENT_f4e0cdcfb09afb92,diffusion sheet,1,1,1,1,poly(methyl methacrylate) (PMMA) (1),MERGE,WP01,单一聚合物废塑料样品,Single-polymer waste plastic
ENT_a4dac224b3177186,discarded containers PVC,1,1,1,1,polyvinyl chloride (PVC) (1),MERGE,WP10,饮料瓶/容器废塑料,Bottle/container plastic waste
ENT_690297e2454a4d00,discarded polyethylene terephthalate (PET) plastic bottles,1,1,1,1,polyethylene terephthalate (PET) (1),MERGE,WP10,饮料瓶/容器废塑料,Bottle/container plastic waste
ENT_d6b5e66e2fd529f7,discarded sample bottles,1,1,0,2,high-density polyethylene (HDPE) (1); polypropylene (PP) (1),MERGE,WP10,饮料瓶/容器废塑料,Bottle/container plastic waste
ENT_669eee12f69a8a75,disposable drinking bottles,1,1,1,0,,MERGE,WP10,饮料瓶/容器废塑料,Bottle/container plastic waste
ENT_7f8e87ce84e2ed6f,disposable juice cups and plates,1,1,0,1,polypropylene (PP) (1),MERGE,WP23,一次性塑料制品,Single-use plastic products
ENT_ca4e2a5d71c33610,disposable juices cups,1,1,0,1,polypropylene (PP) (1),MERGE,WP23,一次性塑料制品,Single-use plastic products
ENT_6f7879224c97474a,disposable market shopping bags,1,1,0,2,low-density polyethylene (LDPE) (1); high-density polyethylene (HDPE) (1),MERGE,WP11,袋/薄膜类废塑料,Bag/film plastic waste
ENT_4fd1a9d815766a4f,disposable three-ply surgical face masks,1,1,0,1,polypropylene (PP) (1),MERGE,WP16,医疗/PPE废塑料,Medical/PPE plastic waste
ENT_6441fd5fad414953,divinylbenzene,1,1,1,2,polystyrene (PS) (1); polydivinylbenzene (1),MERGE,WP03,多聚合物混合废塑料,Mixed multi-polymer waste
ENT_84f0af99336139e2,dry-washed PO-rich stream,1,1,0,0,,MERGE,WP35,特定场景/专用塑料废弃物,Specific-context plastic waste
ENT_7944be9221469cec,elastomers,1,1,0,0,,MERGE,WP01,单一聚合物废塑料样品,Single-polymer waste plastic
ENT_f457e717506e97e3,end of life vehicle waste,1,1,0,0,,MERGE,WP15,汽车/报废车辆废塑料,Automotive/ELV plastic waste
ENT_987ffdc311ceba70,end-of-life polystyrene,1,1,0,1,polystyrene (PS) (1),MERGE,WP01,单一聚合物废塑料样品,Single-polymer waste plastic
ENT_c34c8244c0c8a022,end-of-life polyurethane rigid foam waste,1,1,0,0,,MERGE,WP21,泡沫/保温塑料废弃物,Foam/insulation plastic waste
ENT_e452f83f2b673a5b,end-of-life printer plastics,1,1,0,1,styrene-acrylonitrile copolymer (SAN) (1),MERGE,WP01,单一聚合物废塑料样品,Single-polymer waste plastic
ENT_26f6185565877cb8,epoxy resin waste,1,1,0,1,epoxy resin (1),MERGE,WP01,单一聚合物废塑料样品,Single-polymer waste plastic
ENT_d2bc87001ef90b5d,epoxy-based composites,1,1,0,1,epoxy resin (1),MERGE,WP01,单一聚合物废塑料样品,Single-polymer waste plastic
ENT_d2b2892e69d672f8,equally mixed WEPS and WHDPE,1,1,0,2,polystyrene (PS) (1); high-density polyethylene (HDPE) (1),MERGE,WP03,多聚合物混合废塑料,Mixed multi-polymer waste
ENT_74bb6f3d64654383,ethylene-vinyl acetate copolymer waste,1,1,0,1,ethylene-vinyl acetate (EVA) (1),MERGE,WP01,单一聚合物废塑料样品,Single-polymer waste plastic
ENT_074a584ea9b53d23,feed material to demonstration plant,1,1,0,0,,MERGE,WP01,单一聚合物废塑料样品,Single-polymer waste plastic
ENT_237aef35dc289abc,fiber waste from paper recycling mill,1,1,0,0,,MERGE,WP20,纺织/纤维/地毯塑料废弃物,Textile/fibre/carpet plastic waste
ENT_f3fd1d1e8365d626,film for huge commercial plastic bag plastic,1,1,0,2,linear low-density polyethylene (LLDPE) (1); polybutene (1),MERGE,WP11,袋/薄膜类废塑料,Bag/film plastic waste
ENT_0ae470c4f88ef9b7,flexible polyurethane tube (FT),1,1,1,1,polyurethane (PU) (1),MERGE,WP01,单一聚合物废塑料样品,Single-polymer waste plastic
ENT_a2a632d58884cf06,food-retail outlets,1,1,0,0,,MERGE,WP35,特定场景/专用塑料废弃物,Specific-context plastic waste
ENT_aa1279faee380487,fossil-based naphtha,1,1,0,0,,DROP,,,油/蜡/衍生液体，不属于WastePlastic
ENT_3eb4089f6106d2cf,general purpose polystyrene of trademark 525 PJSC «Nizhnekamskneftekhim» (PS),1,1,1,4,high-density polyethylene (HDPE) (1); polyvinyl chloride (PVC) (1); polystyrene (PS) (1); polypropylene (PP) (1),MERGE,WP03,多聚合物混合废塑料,Mixed multi-polymer waste
ENT_c30444550ae15c21,glass fiber reinforced plastic,1,1,0,0,,MERGE,WP20,纺织/纤维/地毯塑料废弃物,Textile/fibre/carpet plastic waste
ENT_800f6ee2e70b1879,green coconut pericarp biomass,1,1,0,0,,DROP,,,生物质/煤/无机物，不属于WastePlastic
ENT_77dcc39202e72c70,halogenated WEEE,1,1,1,0,,MERGE,WP13,WEEE/电子电器废塑料,WEEE/electronic plastic waste
ENT_5edecc4c714f04f2,hand and face cream tube,1,1,0,1,low-density polyethylene (LDPE) (1),MERGE,WP01,单一聚合物废塑料样品,Single-polymer waste plastic
ENT_e8d4a08b3c84f743,hand gloves waste,1,1,0,0,,MERGE,WP35,特定场景/专用塑料废弃物,Specific-context plastic waste
ENT_f006a115acb98a67,hand sanitizer bottles waste,1,1,0,0,,MERGE,WP10,饮料瓶/容器废塑料,Bottle/container plastic waste
ENT_483f3b7f552ed09e,hard MPO fraction,1,1,1,2,polypropylene (PP) (1); high-density polyethylene (HDPE) (1),MERGE,WP02,混合聚烯烃废塑料,Mixed polyolefin waste
ENT_599582c1acb0f839,hard PS-based packing material,1,1,0,1,polystyrene (PS) (1),MERGE,WP01,单一聚合物废塑料样品,Single-polymer waste plastic
ENT_010ddd8f3044a0ac,hard plastics,1,1,0,0,,MERGE,WP01,单一聚合物废塑料样品,Single-polymer waste plastic
ENT_1b959658dfd641ce,heavy HDPE,1,1,1,1,high-density polyethylene (HDPE) (1),MERGE,WP01,单一聚合物废塑料样品,Single-polymer waste plastic
ENT_29561f3883482c94,heavy oil,1,1,0,0,,DROP,,,油/蜡/衍生液体，不属于WastePlastic
ENT_8220fb71aa6f2df0,high concentration polyethylene waste,1,1,0,1,polyethylene (PE) (1),MERGE,WP01,单一聚合物废塑料样品,Single-polymer waste plastic
ENT_d16ef68b1ed331ab,high density polyethylene and low density polyethylene plastic mixture,1,1,0,0,,MERGE,WP03,多聚合物混合废塑料,Mixed multi-polymer waste
ENT_2736b151d30139fa,high density polyethylene waste from the packaging industry,1,1,0,1,high-density polyethylene (HDPE) (1),MERGE,WP08,包装废塑料,Packaging plastic waste
ENT_b58375a33a07b09c,high-density PE PW,1,1,1,1,high-density polyethylene (HDPE) (1),MERGE,WP01,单一聚合物废塑料样品,Single-polymer waste plastic
ENT_020b65898de9a45c,high-density polyethylene (HDPE) waste plastic bottles,1,1,0,1,high-density polyethylene (HDPE) (1),MERGE,WP10,饮料瓶/容器废塑料,Bottle/container plastic waste
ENT_c61dec39fb9c7555,high-density polyethylene particles,1,1,0,1,high-density polyethylene (HDPE) (1),MERGE,WP01,单一聚合物废塑料样品,Single-polymer waste plastic
ENT_0addbe3a2467e21b,high-density polyethylene waste from municipal waste,1,1,0,0,,MERGE,WP01,单一聚合物废塑料样品,Single-polymer waste plastic
ENT_d3d7e050678f7b08,high-molecular-weight plastics,1,1,0,1,polypropylene (PP) (1),MERGE,WP01,单一聚合物废塑料样品,Single-polymer waste plastic
ENT_bf8178e3887edf21,high-viscosity waste plastic,1,1,0,0,,MERGE,WP01,单一聚合物废塑料样品,Single-polymer waste plastic
ENT_185440bc3197db4d,homogeneous polyethylene,1,1,0,1,polyethylene (PE) (1),MERGE,WP01,单一聚合物废塑料样品,Single-polymer waste plastic
ENT_75a8ee92c22c88b2,homopolymer PP,1,1,0,1,polypropylene (PP) (1),MERGE,WP01,单一聚合物废塑料样品,Single-polymer waste plastic
ENT_a4192b564ada0ce6,household plastic bag,1,1,0,1,polyethylene (PE) (1),MERGE,WP11,袋/薄膜类废塑料,Bag/film plastic waste
ENT_83be0d25e3568f3d,hydrocarbon plastics,1,1,0,3,polyethylene (PE) (1); polypropylene (PP) (1); polystyrene (PS) (1),MERGE,WP03,多聚合物混合废塑料,Mixed multi-polymer waste
ENT_236b6dda3e2063b0,industrial PP,1,1,0,1,polypropylene (PP) (1),MERGE,WP01,单一聚合物废塑料样品,Single-polymer waste plastic
ENT_ee995b8aea2a7e24,industrial waste materials made of polyurethane foams,1,1,0,1,polyurethane (PU) (1),MERGE,WP21,泡沫/保温塑料废弃物,Foam/insulation plastic waste
ENT_7f7c6324d4b9707d,industrial waste polystyrene,1,1,0,0,,MERGE,WP01,单一聚合物废塑料样品,Single-polymer waste plastic
ENT_a3362671e1d062ef,insulator of electric wire,1,1,0,1,polyethylene (PE) (1),MERGE,WP22,电缆/电线绝缘塑料,Cable/wire insulation plastic
ENT_1fc99d164cad0632,jacket,1,1,1,1,ethylene-vinyl acetate (EVA) (1),MERGE,WP01,单一聚合物废塑料样品,Single-polymer waste plastic
ENT_f59628a62d163113,laminar polyethylene,1,1,0,0,,MERGE,WP01,单一聚合物废塑料样品,Single-polymer waste plastic
ENT_3f204c6b26f76dfd,landfill-mixed waste plastics,1,1,1,3,low-density polyethylene (LDPE) (1); high-density polyethylene (HDPE) (1); polypropylene (PP) (1),MERGE,WP33,填埋/垃圾场塑料残余,Landfill/dumpsite plastic residue
ENT_0f9535d046a65b00,large microplastic waste,1,1,0,0,,MERGE,WP28,微塑料/塑料碎片,Microplastic/plastic fragments
ENT_5e86428175d3207c,leftover polystyrene,1,1,0,1,polystyrene (PS) (1),MERGE,WP01,单一聚合物废塑料样品,Single-polymer waste plastic
ENT_02163eb233de3441,light guide plate,1,1,1,1,poly(methyl methacrylate) (PMMA) (1),MERGE,WP01,单一聚合物废塑料样品,Single-polymer waste plastic
ENT_9cf3af090d0183f6,lightweight packaging waste,1,1,1,1,polystyrene (PS) (1),MERGE,WP08,包装废塑料,Packaging plastic waste
ENT_27e57d248489e298,linear polyethylene homopolymer,1,1,0,1,polyethylene (PE) (1),MERGE,WP01,单一聚合物废塑料样品,Single-polymer waste plastic
ENT_09fd5db0136999f4,liquid crystal polymer fiber reinforced polypropylene,1,1,0,1,polypropylene (PP) (1),MERGE,WP20,纺织/纤维/地毯塑料废弃物,Textile/fibre/carpet plastic waste
ENT_0fdd9ed0d57dd835,low molecular weight polypropylene,1,1,0,0,,MERGE,WP01,单一聚合物废塑料样品,Single-polymer waste plastic
ENT_d95db8ad5552634d,low- and high-density waste plastic bags,1,1,0,2,low-density polyethylene (LDPE) (1); high-density polyethylene (HDPE) (1),MERGE,WP11,袋/薄膜类废塑料,Bag/film plastic waste
ENT_f9e8d9214615df20,low-density polyethylene particles,1,1,0,1,low-density polyethylene (LDPE) (1),MERGE,WP01,单一聚合物废塑料样品,Single-polymer waste plastic
ENT_2c1fbc5f2140b0c1,low-density polyethylene waste from municipal waste,1,1,0,0,,MERGE,WP01,单一聚合物废塑料样品,Single-polymer waste plastic
ENT_f9ee23159384ee8e,low-density polypropylene microplastics,1,1,1,1,polypropylene (PP) (1),MERGE,WP28,微塑料/塑料碎片,Microplastic/plastic fragments
ENT_75d787e4ba9be639,low-fixed-carbon-content polymer wastes,1,1,0,3,high-density polyethylene (HDPE) (1); low-density polyethylene (LDPE) (1); polypropylene (PP) (1),MERGE,WP02,混合聚烯烃废塑料,Mixed polyolefin waste
ENT_e4ad4117caccab66,low-pressure polyethylene of high density 277-73 LLC «Stavrolen» (LPPE),1,1,1,4,high-density polyethylene (HDPE) (1); polyvinyl chloride (PVC) (1); polystyrene (PS) (1); polypropylene (PP) (1),MERGE,WP16,医疗/PPE废塑料,Medical/PPE plastic waste
ENT_be3f6d8894c17a73,low-quality plastic waste,1,1,0,0,,MERGE,WP01,单一聚合物废塑料样品,Single-polymer waste plastic
ENT_cc38b68af19208f2,marine plastic litter sample,1,1,0,1,polyolefins (1),MERGE,WP17,海洋/海滩塑料垃圾,Marine/beach plastic litter
ENT_9f207ade9f0628ca,medical PE waste,1,1,1,1,polyethylene (PE) (1),MERGE,WP16,医疗/PPE废塑料,Medical/PPE plastic waste
ENT_e6aad225176e53cf,medical devices,1,1,0,4,polyethylene (PE) (1); polystyrene (PS) (1); polyvinyl chloride (PVC) (1); polypropylene (PP) (1),MERGE,WP16,医疗/PPE废塑料,Medical/PPE plastic waste
ENT_107775ec1cf95587,mesoplastic waste,1,1,0,0,,MERGE,WP01,单一聚合物废塑料样品,Single-polymer waste plastic
ENT_9e04070507591e54,metalized biaxial oriented polypropylene layers waste,1,1,0,1,polypropylene (PP) (1),MERGE,WP01,单一聚合物废塑料样品,Single-polymer waste plastic
ENT_aace3747cc8971e6,metalized polyethylene terephthalate waste,1,1,0,1,polyethylene terephthalate (PET) (1),MERGE,WP01,单一聚合物废塑料样品,Single-polymer waste plastic
ENT_37f4b6d5cc95af2b,milk packaging plastic waste,1,1,0,1,polyethylene (PE) (1),MERGE,WP08,包装废塑料,Packaging plastic waste
ENT_8a4a0760404240b2,mixed BPA-PC/PET,1,1,1,5,polycarbonate (PC) (1); polyethylene terephthalate (PET) (1); polylactic acid (PLA) (1); polybutylene succinate (PBS) (1); polybutylene adipate terephthalate (PBAT) (1),MERGE,WP03,多聚合物混合废塑料,Mixed multi-polymer waste
ENT_341b59f695186626,mixed HDPE+PET+PS,1,1,0,3,high-density polyethylene (HDPE) (1); polyethylene terephthalate (PET) (1); polystyrene (PS) (1),MERGE,WP03,多聚合物混合废塑料,Mixed multi-polymer waste
ENT_ca6492c2edc23620,mixed LDPE-lignocellulosic waste,1,1,0,1,low-density polyethylene (LDPE) (1),MERGE,WP01,单一聚合物废塑料样品,Single-polymer waste plastic
ENT_2147228a135cfb44,mixed PE plastics,1,1,1,1,polyethylene (PE) (1),MERGE,WP01,单一聚合物废塑料样品,Single-polymer waste plastic
ENT_623a537f8e1d67e6,mixed PMMA waste,1,1,0,1,poly(methyl methacrylate) (PMMA) (1),MERGE,WP01,单一聚合物废塑料样品,Single-polymer waste plastic
ENT_b96dfd52b2f9fa5d,mixed ocean plastic waste,1,1,1,0,,MERGE,WP17,海洋/海滩塑料垃圾,Marine/beach plastic litter
ENT_06753df836fe1e6f,mixed plastic (HDPE:LDPE:PP:PS=3:2:3:1),1,1,1,3,polyethylene (PE) (1); polypropylene (PP) (1); polystyrene (PS) (1),MERGE,WP03,多聚合物混合废塑料,Mixed multi-polymer waste
ENT_9379f4c1884b6ee4,"mixed plastic (LDPE, HDPE and PP)",1,1,0,3,low-density polyethylene (LDPE) (1); high-density polyethylene (HDPE) (1); polypropylene (PP) (1),MERGE,WP02,混合聚烯烃废塑料,Mixed polyolefin waste
ENT_807d27000c86c365,mixed plastic mixture,1,1,0,3,polyethylene (PE) (1); polypropylene (PP) (1); polystyrene (PS) (1),MERGE,WP03,多聚合物混合废塑料,Mixed multi-polymer waste
ENT_0a8aeb7db2c074ed,mixed plastic particles,1,1,0,3,low-density polyethylene (LDPE) (1); polypropylene (PP) (1); polystyrene (PS) (1),MERGE,WP03,多聚合物混合废塑料,Mixed multi-polymer waste
ENT_458adbd4c8efef30,mixed plastic sample,1,1,0,3,polyethylene (PE) (1); polypropylene (PP) (1); polystyrene (PS) (1),MERGE,WP03,多聚合物混合废塑料,Mixed multi-polymer waste
ENT_3e8b1dc52cdd5137,mixed plastic simulants,1,1,1,1,polyvinyl chloride (PVC) (1),MERGE,WP03,多聚合物混合废塑料,Mixed multi-polymer waste
ENT_0c0c3b05e9a84afc,mixed plastic substrates,1,1,1,0,,MERGE,WP03,多聚合物混合废塑料,Mixed multi-polymer waste
ENT_bffe766ec18b52a3,mixed plastic trash,1,1,0,0,,MERGE,WP03,多聚合物混合废塑料,Mixed multi-polymer waste
ENT_6552fb52a958292e,"mixed plastic waste (HDPE, PP, PS)",1,1,1,3,high-density polyethylene (HDPE) (1); polypropylene (PP) (1); polystyrene (PS) (1),MERGE,WP03,多聚合物混合废塑料,Mixed multi-polymer waste
ENT_6a968526e46a4c0a,"mixed plastics (PE, PP, PS, and PVC)",1,1,1,4,polyethylene (PE) (1); polypropylene (PP) (1); polystyrene (PS) (1); polyvinyl chloride (PVC) (1),MERGE,WP03,多聚合物混合废塑料,Mixed multi-polymer waste
ENT_78d4f3ddff907bec,mixed plastics containing 10% PVC and 90% PE,1,1,1,2,polyvinyl chloride (PVC) (1); polyethylene (PE) (1),MERGE,WP03,多聚合物混合废塑料,Mixed multi-polymer waste
ENT_affe17eb628e0e81,"mixed plastics containing 40% LDPE, 40% PP, 10% PS and 10% PVC",1,1,0,4,low-density polyethylene (LDPE) (1); polypropylene (PP) (1); polystyrene (PS) (1); polyvinyl chloride (PVC) (1),MERGE,WP03,多聚合物混合废塑料,Mixed multi-polymer waste
ENT_14c2161f818db3f7,mixed plastics containing polystyrene,1,1,1,1,polystyrene (PS) (1),MERGE,WP03,多聚合物混合废塑料,Mixed multi-polymer waste
ENT_0ff21d972cd6e935,mixed plastics packaging waste,1,1,0,1,polyethylene terephthalate (PET) (1),MERGE,WP08,包装废塑料,Packaging plastic waste
ENT_0c3dae65f024438f,mixed plastics waste with 3% wt. PVC,1,1,0,1,polyvinyl chloride (PVC) (1),MERGE,WP03,多聚合物混合废塑料,Mixed multi-polymer waste
ENT_fa5322dba78df3b6,mixed polyolefin and polyester waste,1,1,1,3,polyethylene (PE) (1); polyethylene terephthalate (PET) (1); polypropylene (PP) (1),MERGE,WP02,混合聚烯烃废塑料,Mixed polyolefin waste
ENT_ba1414e0bf586ae6,mixed resin plastics,1,1,0,0,,MERGE,WP01,单一聚合物废塑料样品,Single-polymer waste plastic
ENT_280bb512a3780709,mixed waste (PS + PET + PP),1,1,1,3,polystyrene (PS) (1); polyethylene terephthalate (PET) (1); polypropylene (PP) (1),MERGE,WP03,多聚合物混合废塑料,Mixed multi-polymer waste
ENT_7ecb520e8e8b34b6,mixed waste LDPE from university premises,1,1,0,1,low-density polyethylene (LDPE) (1),MERGE,WP01,单一聚合物废塑料样品,Single-polymer waste plastic
ENT_c4bf54c7265f5906,mixed waste plastics (LDPE 96 wt.% + PVC 4 wt.%),1,1,0,2,low-density polyethylene (LDPE) (1); polyvinyl chloride (PVC) (1),MERGE,WP03,多聚合物混合废塑料,Mixed multi-polymer waste
ENT_e558cbdf81265e88,mixed waste plastics collected in Germany,1,1,0,1,polyethylene (PE) (1),MERGE,WP01,单一聚合物废塑料样品,Single-polymer waste plastic
ENT_c12ac06e989c26c5,mixture of 90% high-density polyethylene (HDPE) and 10% polystyrene (PS) wastes,1,1,0,2,high-density polyethylene (HDPE) (1); polystyrene (PS) (1),MERGE,WP03,多聚合物混合废塑料,Mixed multi-polymer waste
ENT_e7e8ad53356ff49d,"mixture of PE, wood, paper",1,1,1,1,polyethylene (PE) (1),MERGE,WP01,单一聚合物废塑料样品,Single-polymer waste plastic
ENT_ba7f38970a7f3c68,mixture of plastic waste from MBT plant,1,1,0,3,polypropylene (PP) (2); polystyrene (PS) (2); polyethylene (PE) (1),MERGE,WP03,多聚合物混合废塑料,Mixed multi-polymer waste
ENT_ede6095e2a3f24ad,"mixture of polystyrene, polypropylene, and polyethylene plastic waste",1,1,1,3,polystyrene (PS) (1); polypropylene (PP) (1); polyethylene (PE) (1),MERGE,WP03,多聚合物混合废塑料,Mixed multi-polymer waste
ENT_ebaa1e6810063f8e,"mixture of waste PP, HDPE, and LDPE",1,1,0,3,polypropylene (PP) (1); high-density polyethylene (HDPE) (1); low-density polyethylene (LDPE) (1),MERGE,WP02,混合聚烯烃废塑料,Mixed polyolefin waste
ENT_c4e592c79200381f,"mixture of waste plastics including polystyrene (PS), polypropylene (PP), and low-density polyethylene (LDPE)",1,1,0,3,polystyrene (PS) (1); polypropylene (PP) (1); low-density polyethylene (LDPE) (1),MERGE,WP03,多聚合物混合废塑料,Mixed multi-polymer waste
ENT_8bab24033e301702,mixture of waste polymers,1,1,0,2,high-density polyethylene (HDPE) (1); polystyrene (PS) (1),MERGE,WP03,多聚合物混合废塑料,Mixed multi-polymer waste
ENT_5bb9464d943b9b4e,"model plastic mixture (PP, LDPE and HDPE)",1,1,1,3,polypropylene (PP) (1); low-density polyethylene (LDPE) (1); high-density polyethylene (HDPE) (1),MERGE,WP34,实验/模型塑料样品,Experimental/model plastic sample
ENT_aa3c0446e44a107f,"model plastic pyrolysis oil of PE, PP, PS, PET, PVC",1,1,0,5,polyethylene (PE) (1); polypropylene (PP) (1); polystyrene (PS) (1); polyethylene terephthalate (PET) (1); polyvinyl chloride (PVC) (1),DROP,,,油/蜡/衍生液体，不属于WastePlastic
ENT_dd82ea104b227408,model plastics,1,1,0,3,high-density polyethylene (HDPE) (1); polyethylene terephthalate (PET) (1); polystyrene (PS) (1),MERGE,WP34,实验/模型塑料样品,Experimental/model plastic sample
ENT_6b9d5b4c30439a29,model polystyrene,1,1,0,1,polystyrene (PS) (1),MERGE,WP34,实验/模型塑料样品,Experimental/model plastic sample
ENT_599c65f212397b7d,modelled plastic mixture,1,1,0,3,polypropylene (PP) (1); low-density polyethylene (LDPE) (1); high-density polyethylene (HDPE) (1),MERGE,WP02,混合聚烯烃废塑料,Mixed polyolefin waste
ENT_7a15df6c04347eae,multilayer packaging beverages,1,1,0,2,low-density polyethylene (LDPE) (1); high-density polyethylene (HDPE) (1),MERGE,WP32,多层/复合/金属化塑料,Multilayer/composite/metallised plastic
ENT_165dc0df8e229267,multilayer plastic films,1,1,0,1,polyethylene (PE) (1),MERGE,WP32,多层/复合/金属化塑料,Multilayer/composite/metallised plastic
ENT_81b294dd31bac8f8,municipal and industrial solid plastic waste,1,1,0,0,,MERGE,WP01,单一聚合物废塑料样品,Single-polymer waste plastic
ENT_dd44d037b90e043b,municipal waste plastic (MWP) for PVC,1,1,0,1,polyvinyl chloride (PVC) (1),MERGE,WP04,城市生活/市政废塑料,Municipal plastic waste
ENT_7ec3450d2ac18cb3,natural chlorinated plastic waste from the electronic equipment sector (WEEE),1,1,0,2,polyethylene (PE) (1); polyvinyl chloride (PVC) (1),MERGE,WP13,WEEE/电子电器废塑料,WEEE/electronic plastic waste
ENT_6147ebf77a383d28,nitrogen-containing polymer mixtures,1,1,1,2,polyamide (PA) (1); polyurethane (PU) (1),MERGE,WP03,多聚合物混合废塑料,Mixed multi-polymer waste
ENT_51f12cf0acebc4a3,non-irradiated HDPE,1,1,1,1,high-density polyethylene (HDPE) (1),MERGE,WP01,单一聚合物废塑料样品,Single-polymer waste plastic
ENT_d82b52e2727eefde,nylon fishing gear,1,1,0,1,polyamide (PA) (1),MERGE,WP01,单一聚合物废塑料样品,Single-polymer waste plastic
ENT_dfdc8bb4151e1f15,nylon fishing net,1,1,1,1,polyamide (PA) (1),MERGE,WP18,渔业/渔网塑料废弃物,Fishery/net plastic waste
ENT_c152abc22cd7d386,ocean plastic (HDPE fishnet),1,1,1,1,high-density polyethylene (HDPE) (1),MERGE,WP17,海洋/海滩塑料垃圾,Marine/beach plastic litter
ENT_1739903cc7107042,old computer monitor casing,1,1,1,2,acrylonitrile-butadiene-styrene (ABS) (1); polyvinyl chloride (PVC) (1),MERGE,WP03,多聚合物混合废塑料,Mixed multi-polymer waste
ENT_e09c9e6a6b121055,olive residue,1,1,1,1,polypropylene (PP) (1),MERGE,WP01,单一聚合物废塑料样品,Single-polymer waste plastic
ENT_e1221227789766fa,other flexible plastics waste,1,1,0,3,polyamide (PA) (1); polypropylene (PP) (1); polystyrene (PS) (1),MERGE,WP03,多聚合物混合废塑料,Mixed multi-polymer waste
ENT_8d2b9dc8db4de6c5,other rigid plastics waste,1,1,0,3,polyamide (PA) (1); polypropylene (PP) (1); polystyrene (PS) (1),MERGE,WP03,多聚合物混合废塑料,Mixed multi-polymer waste
ENT_b24c4ff463c56609,outdated polyethylene,1,1,1,2,polyethylene (PE) (1); polystyrene (PS) (1),MERGE,WP03,多聚合物混合废塑料,Mixed multi-polymer waste
ENT_efa6c029d3273dbd,outdated polystyrene,1,1,1,2,polyethylene (PE) (1); polystyrene (PS) (1),MERGE,WP03,多聚合物混合废塑料,Mixed multi-polymer waste
ENT_d98a03b8caccb841,"packaging (snack/food, spoon)",1,1,1,2,polyethylene terephthalate (PET) (1); low-density polyethylene (LDPE) (1),MERGE,WP08,包装废塑料,Packaging plastic waste
ENT_3219a5bcdffb39fe,packaging bags,1,1,0,1,polypropylene (PP) (1),MERGE,WP08,包装废塑料,Packaging plastic waste
ENT_1b3a6b3acbc98639,"packaging plastics including containers, lunch boxes, coffee cups",1,1,0,2,high-density polyethylene (HDPE) (1); polypropylene (PP) (1),MERGE,WP10,饮料瓶/容器废塑料,Bottle/container plastic waste
ENT_9311ab693b384f43,packaging waste PP,1,1,1,1,polypropylene (PP) (1),MERGE,WP08,包装废塑料,Packaging plastic waste
ENT_6f9cabc308d15b3f,photo- or thermo-degradable films,1,1,1,1,polyethylene (PE) (1),MERGE,WP11,袋/薄膜类废塑料,Bag/film plastic waste
ENT_187210286ed09573,photosensitive resin waste,1,1,0,1,epoxy resin (1),MERGE,WP01,单一聚合物废塑料样品,Single-polymer waste plastic
ENT_ef91f32fbae477df,pine wood and polyolefinic polymers mixtures,1,1,0,1,polyolefins (1),MERGE,WP01,单一聚合物废塑料样品,Single-polymer waste plastic
ENT_00c3f5cdd58d51b7,plastic buttons,1,1,0,0,,MERGE,WP01,单一聚合物废塑料样品,Single-polymer waste plastic
ENT_5af60272c3c3878f,plastic flakes,1,1,1,0,,MERGE,WP31,颗粒/粉末/片料/碎料,Pellet/powder/flake/shredded plastic
ENT_14c94de2a9dc3074,plastic food bags,1,1,0,1,polyethylene (PE) (1),MERGE,WP11,袋/薄膜类废塑料,Bag/film plastic waste
ENT_d61525c481c279b2,plastic fraction rejected from waste of electric and electronic equipment,1,1,0,2,polystyrene (PS) (1); acrylonitrile-butadiene-styrene (ABS) (1),MERGE,WP03,多聚合物混合废塑料,Mixed multi-polymer waste
ENT_e8d4f1f27d2ea16a,plastic fractions of Municipal Solid Waste,1,1,0,0,,MERGE,WP01,单一聚合物废塑料样品,Single-polymer waste plastic
ENT_eeb98434ea419dd2,plastic mixture PE/PP/PS,1,1,1,3,polyethylene (PE) (1); polypropylene (PP) (1); polystyrene (PS) (1),MERGE,WP02,混合聚烯烃废塑料,Mixed polyolefin waste
ENT_1d305fbaf1ba1b4d,plastic mixture PE/PP/PS (80:15:5),1,1,0,3,polyethylene (PE) (1); polypropylene (PP) (1); polystyrene (PS) (1),MERGE,WP02,混合聚烯烃废塑料,Mixed polyolefin waste
ENT_8753fd78062c42a5,"plastic mixture containing HDPE, LDPE, PP, PS, and PET",1,1,0,5,high-density polyethylene (HDPE) (1); low-density polyethylene (LDPE) (1); polypropylene (PP) (1); polystyrene (PS) (1); polyethylene terephthalate (PET) (1),MERGE,WP03,多聚合物混合废塑料,Mixed multi-polymer waste
ENT_538ea228d64ff9b9,"plastic mixtures (PS, PE, PP, PVC, PET)",1,1,1,5,polystyrene (PS) (1); polyethylene (PE) (1); polypropylene (PP) (1); polyvinyl chloride (PVC) (1); polyethylene terephthalate (PET) (1),MERGE,WP03,多聚合物混合废塑料,Mixed multi-polymer waste
ENT_fa5e93bcbb5d4c20,plastic nets,1,1,1,1,high-density polyethylene (HDPE) (1),MERGE,WP01,单一聚合物废塑料样品,Single-polymer waste plastic
ENT_7410f8f75598d442,plastic powders,1,1,1,0,,MERGE,WP31,颗粒/粉末/片料/碎料,Pellet/powder/flake/shredded plastic
ENT_ac61d04710f5a8ca,plastic produced worldwide,1,1,0,0,,MERGE,WP01,单一聚合物废塑料样品,Single-polymer waste plastic
ENT_e5795e02b0a5a7ab,plastic waste (PP+LDPE+HDPE),1,1,1,3,polypropylene (PP) (1); low-density polyethylene (LDPE) (1); high-density polyethylene (HDPE) (1),MERGE,WP02,混合聚烯烃废塑料,Mixed polyolefin waste
ENT_61529000c0a095fb,plastic waste (from polyethylene bags and bottles),1,1,0,0,,MERGE,WP10,饮料瓶/容器废塑料,Bottle/container plastic waste
ENT_80f9d5bb359042af,plastic waste from Dar es Salaam dump sites,1,1,0,0,,MERGE,WP33,填埋/垃圾场塑料残余,Landfill/dumpsite plastic residue
ENT_17726a8581cc7ae2,plastic waste from multiple sources,1,1,0,2,polyethylene (PE) (1); polypropylene (PP) (1),MERGE,WP02,混合聚烯烃废塑料,Mixed polyolefin waste
ENT_c3d99c6cf16a163e,plastic waste from supermarket bags,1,1,0,1,polyethylene (PE) (1),MERGE,WP11,袋/薄膜类废塑料,Bag/film plastic waste
ENT_b0e818b6708e5ae1,plastic waste from waste cathode ray tubes (CRT),1,1,0,0,,MERGE,WP14,电脑/电视/电子壳体塑料,Computer/TV/electronic casing plastic
ENT_9de36c9b80786f0d,plastic waste in 60 Indian cities,1,1,0,4,polypropylene (PP) (1); polyethylene terephthalate (PET) (1); polystyrene (PS) (1); polyvinyl chloride (PVC) (1),MERGE,WP03,多聚合物混合废塑料,Mixed multi-polymer waste
ENT_5060e4c95ab6a35f,plastic waste in Nigeria,1,1,0,5,polyethylene terephthalate (PET) (1); high-density polyethylene (HDPE) (1); polyvinyl chloride (PVC) (1); low-density polyethylene (LDPE) (1); polypropylene (PP) (1),MERGE,WP03,多聚合物混合废塑料,Mixed multi-polymer waste
ENT_aff36de62ef6d7a6,plastic waste material collected from municipal waste,1,1,0,0,,MERGE,WP04,城市生活/市政废塑料,Municipal plastic waste
ENT_8de199c9b4085d53,plastic waste mixture MF,1,1,0,3,polyethylene (PE) (1); polypropylene (PP) (1); polystyrene (PS) (1),MERGE,WP03,多聚合物混合废塑料,Mixed multi-polymer waste
ENT_f4108a8bc9fd92a1,plastic waste with a C-C backbone,1,1,0,0,,MERGE,WP01,单一聚合物废塑料样品,Single-polymer waste plastic
ENT_e9ab83037f017e60,plastic wrap,1,1,0,1,low-density polyethylene (LDPE) (1),MERGE,WP01,单一聚合物废塑料样品,Single-polymer waste plastic
ENT_0b29a6031437d9e9,plasticized PVC,1,1,1,1,polyvinyl chloride (PVC) (1),MERGE,WP01,单一聚合物废塑料样品,Single-polymer waste plastic
ENT_6da4a77bc040b23d,plasticized PVC pipes,1,1,1,2,polyvinyl chloride (PVC) (1); polypropylene (PP) (1),MERGE,WP03,多聚合物混合废塑料,Mixed multi-polymer waste
ENT_1a223db07b2deddc,plastics from refrigerators and freezers (fridge),1,1,0,0,,MERGE,WP13,WEEE/电子电器废塑料,WEEE/electronic plastic waste
ENT_86dd2bc63b5d3e83,plastics from television and computer monitors (CRT),1,1,0,0,,MERGE,WP14,电脑/电视/电子壳体塑料,Computer/TV/electronic casing plastic
ENT_9fb3f70e7cbb3c68,"poly(1,4-cyclohexylenedimethylene terephthalate)",1,1,0,1,"poly(1,4-cyclohexylenedimethylene terephthalate) (1)",MERGE,WP01,单一聚合物废塑料样品,Single-polymer waste plastic
ENT_e808149f0e28cda1,poly(ethylene-alt-propylene) waste,1,1,0,1,ethylene-propylene copolymer (EPR) (1),MERGE,WP01,单一聚合物废塑料样品,Single-polymer waste plastic
ENT_03dbb0cd7d825f16,poly(isosorbide terephthalate),1,1,0,1,poly(isosorbide terephthalate) (1),MERGE,WP01,单一聚合物废塑料样品,Single-polymer waste plastic
ENT_edd5cb96a10f4382,poly(lactide-co-glycolide),1,1,0,1,poly(lactide-co-glycolide) (PLGA) (1),MERGE,WP01,单一聚合物废塑料样品,Single-polymer waste plastic
ENT_478fffd12d48c963,poly(vinyl chloride) and polypropylene waste,1,1,0,2,polyvinyl chloride (PVC) (1); polypropylene (PP) (1),MERGE,WP03,多聚合物混合废塑料,Mixed multi-polymer waste
ENT_abdfe61874cc023b,polyacrylamide waste,1,1,0,1,polyacrylamide (1),MERGE,WP01,单一聚合物废塑料样品,Single-polymer waste plastic
ENT_9fec1bbcb3ac4cb6,polyacrylic nitrile waste,1,1,0,1,polyacrylonitrile (PAN) (1),MERGE,WP01,单一聚合物废塑料样品,Single-polymer waste plastic
ENT_c9bc13082ed2f7e4,polyalkene mixture dominated by polyethylene,1,1,0,1,polyethylene (PE) (1),MERGE,WP01,单一聚合物废塑料样品,Single-polymer waste plastic
ENT_e6d6cb724b5a0bd4,polybenzoxazine thermosets,1,1,0,1,polybenzoxazine (1),MERGE,WP01,单一聚合物废塑料样品,Single-polymer waste plastic
ENT_4ef2faa05c1436c8,polyester carpet,1,1,1,1,polyester (1),MERGE,WP20,纺织/纤维/地毯塑料废弃物,Textile/fibre/carpet plastic waste
ENT_9664805e0ec6938e,polyester resins,1,1,0,0,,MERGE,WP01,单一聚合物废塑料样品,Single-polymer waste plastic
ENT_c33e1e3d6201e268,polyethene waste,1,1,0,1,polyethylene (PE) (1),MERGE,WP01,单一聚合物废塑料样品,Single-polymer waste plastic
ENT_378ddb3b539bd53c,polyethylene (HDPE or LDPE) based plastic bags,1,1,0,1,polyethylene (PE) (1),MERGE,WP11,袋/薄膜类废塑料,Bag/film plastic waste
ENT_79a326d95438be3b,polyethylene (LDPE),1,1,1,1,low-density polyethylene (LDPE) (1),MERGE,WP01,单一聚合物废塑料样品,Single-polymer waste plastic
ENT_77d941cf3fb80652,polyethylene (PE-HD),1,1,0,1,polyethylene (PE) (1),MERGE,WP01,单一聚合物废塑料样品,Single-polymer waste plastic
ENT_d46de652858a7311,polyethylene and poly(vinyl chloride) mixture,1,1,0,1,polyvinyl chloride (PVC) (1),MERGE,WP01,单一聚合物废塑料样品,Single-polymer waste plastic
ENT_1d8babf6222c3156,polyethylene and polyethylene terephthalate mixture,1,1,0,2,polyethylene (PE) (1); polyethylene terephthalate (PET) (1),MERGE,WP02,混合聚烯烃废塑料,Mixed polyolefin waste
ENT_da0fd99ca7009156,polyethylene glycol,1,1,1,1,polyethylene glycol (PEG) (1),MERGE,WP01,单一聚合物废塑料样品,Single-polymer waste plastic
ENT_67af49b568ad627c,polyethylene glycol waste,1,1,0,1,polyethylene glycol (PEG) (1),MERGE,WP01,单一聚合物废塑料样品,Single-polymer waste plastic
ENT_80c85223b7da3986,polyethylene mixed plastic,1,1,0,1,polyethylene (PE) (1),MERGE,WP03,多聚合物混合废塑料,Mixed multi-polymer waste
ENT_a620821635ea6610,polyethylene samples,1,1,0,1,polyethylene (PE) (1),MERGE,WP01,单一聚合物废塑料样品,Single-polymer waste plastic
ENT_1ae81171b1c5fcdd,polyethylene terephthalate combined polyethylene waste,1,1,0,2,polyethylene terephthalate (PET) (1); polyethylene (PE) (1),MERGE,WP02,混合聚烯烃废塑料,Mixed polyolefin waste
ENT_1e943d7ebec86747,polyethylene terephthalate film,1,1,0,1,polyethylene terephthalate (PET) (1),MERGE,WP11,袋/薄膜类废塑料,Bag/film plastic waste
ENT_86e8f46aab763b3f,polyethylene-co-1-octene,1,1,0,1,polyethylene (PE) (1),MERGE,WP01,单一聚合物废塑料样品,Single-polymer waste plastic
ENT_c7724e8ab5659c49,polyethylene-rich plastics,1,1,0,1,polyethylene (PE) (1),MERGE,WP01,单一聚合物废塑料样品,Single-polymer waste plastic
ENT_2e991498d690723f,polyhydroxybutyrate,1,1,0,1,poly(3-hydroxybutyrate) (PHB) (1),MERGE,WP01,单一聚合物废塑料样品,Single-polymer waste plastic
ENT_35d5399c26ff0334,polyimide,1,1,0,1,polyimide (1),MERGE,WP01,单一聚合物废塑料样品,Single-polymer waste plastic
ENT_aa1859e7f618a9f7,polyimide waste,1,1,1,1,polyimide (1),MERGE,WP01,单一聚合物废塑料样品,Single-polymer waste plastic
ENT_c9071cfc4c8dd12f,polyisocyanurate waste,1,1,0,1,polyisocyanurate (1),MERGE,WP01,单一聚合物废塑料样品,Single-polymer waste plastic
ENT_f57b94db303809cf,polymer clay,1,1,0,1,polyvinylidene chloride (PVDC) (1),MERGE,WP01,单一聚合物废塑料样品,Single-polymer waste plastic
ENT_fd80d46c44d93858,polymer feed mixture,1,1,0,3,low-density polyethylene (LDPE) (1); high-density polyethylene (HDPE) (1); polypropylene (PP) (1),MERGE,WP02,混合聚烯烃废塑料,Mixed polyolefin waste
ENT_db8d08a321d77d1d,polymer mixture,1,1,0,0,,MERGE,WP03,多聚合物混合废塑料,Mixed multi-polymer waste
ENT_cedc635d951ca23e,polymer waste from municipal solid waste,1,1,0,0,,MERGE,WP35,特定场景/专用塑料废弃物,Specific-context plastic waste
ENT_cc22d4626fc94d00,polyolefin feedstock,1,1,0,1,polyolefins (1),MERGE,WP01,单一聚合物废塑料样品,Single-polymer waste plastic
ENT_58fca5c11ff319d5,polyolefin plastic products,1,1,0,1,polyolefins (1),MERGE,WP01,单一聚合物废塑料样品,Single-polymer waste plastic
ENT_34ed43aa59b6515d,polyolefin waxes,1,1,0,1,polyolefins (1),MERGE,WP01,单一聚合物废塑料样品,Single-polymer waste plastic
ENT_033ca2b011694994,polyolefin-based PPE waste,1,1,0,1,polyolefins (1),MERGE,WP16,医疗/PPE废塑料,Medical/PPE plastic waste
ENT_b21303135acd8a6c,polyolefin-based plastics,1,1,0,1,linear low-density polyethylene (LLDPE) (1),MERGE,WP01,单一聚合物废塑料样品,Single-polymer waste plastic
ENT_54a63317781e9208,polyolefin-poor fraction,1,1,0,2,polyethylene terephthalate (PET) (1); polystyrene (PS) (1),MERGE,WP03,多聚合物混合废塑料,Mixed multi-polymer waste
ENT_d90744119640dd08,polyolefinic waste materials,1,1,0,1,polyolefins (1),MERGE,WP01,单一聚合物废塑料样品,Single-polymer waste plastic
ENT_9075097e8ecbb94d,"polyolefins and PS, ABS and PET mixture",1,1,0,4,polyolefins (1); polystyrene (PS) (1); acrylonitrile-butadiene-styrene (ABS) (1); polyethylene terephthalate (PET) (1),MERGE,WP03,多聚合物混合废塑料,Mixed multi-polymer waste
ENT_b8cf4cd115cc51d5,polypropene,1,1,0,1,polypropylene (PP) (1),MERGE,WP01,单一聚合物废塑料样品,Single-polymer waste plastic
ENT_487d888601178d5b,"polypropylene 01,270 PJSC «Ufaorgsynthez» (PP)",1,1,1,4,high-density polyethylene (HDPE) (1); polyvinyl chloride (PVC) (1); polystyrene (PS) (1); polypropylene (PP) (1),MERGE,WP03,多聚合物混合废塑料,Mixed multi-polymer waste
ENT_2c804fc9a8efa171,polypropylene and polyethylene plastic mixture,1,1,0,0,,MERGE,WP03,多聚合物混合废塑料,Mixed multi-polymer waste
ENT_af28a460bdb116f0,polypropylene bottles,1,1,0,1,polypropylene (PP) (1),MERGE,WP10,饮料瓶/容器废塑料,Bottle/container plastic waste
ENT_d1078415c4afe96e,polypropylene feedstock,1,1,0,1,polypropylene (PP) (1),MERGE,WP01,单一聚合物废塑料样品,Single-polymer waste plastic
ENT_def9c42277e7773b,polypropylene flakes,1,1,1,1,polypropylene (PP) (1),MERGE,WP31,颗粒/粉末/片料/碎料,Pellet/powder/flake/shredded plastic
ENT_134b41156637fa95,polypropylene flexible plastics waste,1,1,0,1,polypropylene (PP) (1),MERGE,WP01,单一聚合物废塑料样品,Single-polymer waste plastic
ENT_2ac4fa457916925e,polypropylene waste from HELLENIC OILS,1,1,0,0,,MERGE,WP01,单一聚合物废塑料样品,Single-polymer waste plastic
ENT_f125abceddb8adf8,polypropylene waste from municipal waste,1,1,0,0,,MERGE,WP01,单一聚合物废塑料样品,Single-polymer waste plastic
ENT_9b79d457e82b920e,polypropylene waste products,1,1,1,1,polypropylene (PP) (1),MERGE,WP01,单一聚合物废塑料样品,Single-polymer waste plastic
ENT_7f2e3419b719025a,polypropylene-low density polyethylene waste,1,1,0,2,polypropylene (PP) (1); low-density polyethylene (LDPE) (1),MERGE,WP02,混合聚烯烃废塑料,Mixed polyolefin waste
ENT_b23f79a5ca422947,polystyrene and low-density polyethylene mixture,1,1,0,2,polystyrene (PS) (1); low-density polyethylene (LDPE) (1),MERGE,WP03,多聚合物混合废塑料,Mixed multi-polymer waste
ENT_0a7a937689a63117,polystyrene balls,1,1,0,1,polystyrene (PS) (1),MERGE,WP01,单一聚合物废塑料样品,Single-polymer waste plastic
ENT_0bc1fcc3d4e1ad6a,polystyrene divinylbenzene-based ion exchange resins,1,1,1,1,polystyrene-divinylbenzene copolymer (1),MERGE,WP01,单一聚合物废塑料样品,Single-polymer waste plastic
ENT_3fb4fce6fdba6825,polystyrene packaging material,1,1,0,1,polystyrene (PS) (1),MERGE,WP08,包装废塑料,Packaging plastic waste
ENT_bb8faa48da6a8f38,polystyrene particles,1,1,0,1,polystyrene (PS) (1),MERGE,WP01,单一聚合物废塑料样品,Single-polymer waste plastic
ENT_e655c68920d4e670,polystyrene waste from municipal waste,1,1,0,0,,MERGE,WP01,单一聚合物废塑料样品,Single-polymer waste plastic
ENT_834353dae24acf26,"polystyrene, polypropylene, and polyethylene plastic waste mixture",1,1,0,3,polystyrene (PS) (1); polypropylene (PP) (1); polyethylene (PE) (1),MERGE,WP03,多聚合物混合废塑料,Mixed multi-polymer waste
ENT_99d70080867593f5,polytetrafluoroethylene,1,1,0,1,polytetrafluoroethylene (PTFE) (1),MERGE,WP01,单一聚合物废塑料样品,Single-polymer waste plastic
ENT_9f42894708cf02d0,polythene,1,1,0,1,polyethylene (PE) (1),MERGE,WP01,单一聚合物废塑料样品,Single-polymer waste plastic
ENT_8e8d088911c83554,polyvinyl chloride plates,1,1,0,1,polyvinyl chloride (PVC) (1),MERGE,WP01,单一聚合物废塑料样品,Single-polymer waste plastic
ENT_fa1406955f1cb029,polyvinyl dichloride,1,1,0,1,polyvinylidene chloride (PVDC) (1),MERGE,WP01,单一聚合物废塑料样品,Single-polymer waste plastic
ENT_37459a2dbae54830,post consumer recycled polyvinyl chloride,1,1,0,1,polyvinyl chloride (PVC) (1),MERGE,WP30,回收/再生/返工塑料,Recycled/reworked plastic
ENT_e85ac8c36d1bc43c,post-commercial polymer waste (LDPE/HDPE/PP/PS),1,1,1,4,low-density polyethylene (LDPE) (1); high-density polyethylene (HDPE) (1); polypropylene (PP) (1); polystyrene (PS) (1),MERGE,WP02,混合聚烯烃废塑料,Mixed polyolefin waste
ENT_e329ede4edc0c25d,post-consumed PE,1,1,1,2,polypropylene (PP) (1); polyethylene (PE) (1),MERGE,WP02,混合聚烯烃废塑料,Mixed polyolefin waste
ENT_469db40fbd909179,post-consumed PP,1,1,1,2,polypropylene (PP) (1); polyethylene (PE) (1),MERGE,WP02,混合聚烯烃废塑料,Mixed polyolefin waste
ENT_58d33db3fa27814a,post-consumer PE,1,1,0,1,polyethylene (PE) (1),MERGE,WP06,消费后废塑料,Post-consumer plastic waste
ENT_5ed96d21408991fd,post-consumer PE-based plastics,1,1,0,1,polyethylene (PE) (1),MERGE,WP06,消费后废塑料,Post-consumer plastic waste
ENT_7403d871f1097c7b,post-consumer PP,1,1,0,1,polypropylene (PP) (1),MERGE,WP06,消费后废塑料,Post-consumer plastic waste
ENT_60a783806d9d8521,post-consumer PP-based plastics,1,1,0,1,polypropylene (PP) (1),MERGE,WP06,消费后废塑料,Post-consumer plastic waste
ENT_02dfe69cf8cdccde,post-consumer PS,1,1,0,3,polystyrene (PS) (1); polyethylene (PE) (1); low-density polyethylene (LDPE) (1),MERGE,WP06,消费后废塑料,Post-consumer plastic waste
ENT_dcca53744a0c3d68,post-consumer PVC,1,1,0,1,polyvinyl chloride (PVC) (1),MERGE,WP06,消费后废塑料,Post-consumer plastic waste
ENT_95c04a54280ffe78,post-consumer PVC pipe waste,1,1,0,0,,MERGE,WP06,消费后废塑料,Post-consumer plastic waste
ENT_89468675e475e27c,post-consumer bottles,1,1,0,2,polypropylene (PP) (1); high-density polyethylene (HDPE) (1),MERGE,WP10,饮料瓶/容器废塑料,Bottle/container plastic waste
ENT_2ee75fc16f6b9671,post-consumer commingled plastic mixture (HDPE/LDPE/PP/PVC),1,1,0,4,high-density polyethylene (HDPE) (1); low-density polyethylene (LDPE) (1); polypropylene (PP) (1); polyvinyl chloride (PVC) (1),MERGE,WP06,消费后废塑料,Post-consumer plastic waste
ENT_38035bb8a45b798b,post-consumer food packaging films,1,1,0,1,polyvinyl chloride (PVC) (1),MERGE,WP09,食品包装/餐饮废塑料,Food-packaging/food-service plastic waste
ENT_4ff3df083b46c3fc,post-consumer mixed polyolefin waste,1,1,1,1,polypropylene (PP) (1),MERGE,WP06,消费后废塑料,Post-consumer plastic waste
ENT_98525ea3f0a5887e,post-consumer packaging waste,1,1,1,2,polyethylene terephthalate (PET) (1); polyvinyl chloride (PVC) (1),MERGE,WP08,包装废塑料,Packaging plastic waste
ENT_feb20ecc35256d85,post-consumer plastic feeds,1,1,0,3,polyolefins (1); polyethylene terephthalate (PET) (1); polyvinyl chloride (PVC) (1),MERGE,WP06,消费后废塑料,Post-consumer plastic waste
ENT_223f4e568382f571,post-consumer plastic packaging waste,1,1,0,3,polyethylene (PE) (1); polypropylene (PP) (1); polystyrene (PS) (1),MERGE,WP08,包装废塑料,Packaging plastic waste
ENT_705fc4fca45a3b74,post-consumer polyethylene and polypropylene waste,1,1,0,0,,MERGE,WP06,消费后废塑料,Post-consumer plastic waste
ENT_eb55fdca7db6e10a,post-consumer polymer waste,1,1,0,4,low-density polyethylene (LDPE) (1); high-density polyethylene (HDPE) (1); polypropylene (PP) (1); polystyrene (PS) (1),MERGE,WP06,消费后废塑料,Post-consumer plastic waste
ENT_0e234e0855ff1796,post-consumer polypropylene collected from household plastic waste,1,1,0,1,polypropylene (PP) (1),MERGE,WP05,家庭/居民废塑料,Household/residential plastic waste
ENT_a91680ffd46be467,post-consumer recycled high-density polyethylene waste,1,1,0,1,high-density polyethylene (HDPE) (1),MERGE,WP06,消费后废塑料,Post-consumer plastic waste
ENT_79a0d73359d92c81,post-consumer rigid plastics,1,1,0,6,polyethylene terephthalate (PET) (1); high-density polyethylene (HDPE) (1); polyvinyl chloride (PVC) (1); low-density polyethylene (LDPE) (1); polypropylene (PP) (1); polystyrene (PS) (1),MERGE,WP06,消费后废塑料,Post-consumer plastic waste
ENT_5ad1e9331835a183,post-industrial plastic waste,1,1,0,5,low-density polyethylene (LDPE) (1); polyethylene (PE) (1); polyamide (PA) (1); polyethylene terephthalate (PET) (1); ethylene-vinyl alcohol (EVOH) (1),MERGE,WP07,工业废塑料/生产废料,Industrial plastic waste
ENT_2101829494b1baea,postconsumer colored plastic film waste,1,1,1,0,,MERGE,WP11,袋/薄膜类废塑料,Bag/film plastic waste
ENT_574ec27500a7b0a6,postconsumer white plastic film waste,1,1,1,0,,MERGE,WP11,袋/薄膜类废塑料,Bag/film plastic waste
ENT_1ac66bd40f15bb4f,pre-sorted polyolefins,1,1,0,1,polyolefins (1),MERGE,WP01,单一聚合物废塑料样品,Single-polymer waste plastic
ENT_3fc2570fa312a79e,prescription bottles,1,1,0,1,polypropylene (PP) (1),MERGE,WP10,饮料瓶/容器废塑料,Bottle/container plastic waste
ENT_ccf1eb814f779a69,prism sheets,1,1,1,1,poly(methyl methacrylate) (PMMA) (1),MERGE,WP01,单一聚合物废塑料样品,Single-polymer waste plastic
ENT_b292ceda8e2f745b,propylene,1,1,0,0,,MERGE,WP35,特定场景/专用塑料废弃物,Specific-context plastic waste
ENT_a4435492f0014899,pure PP chips,1,1,1,1,polypropylene (PP) (1),MERGE,WP01,单一聚合物废塑料样品,Single-polymer waste plastic
ENT_bf5ae22b2b38ef05,pure polymer mixture,1,1,1,4,polyamide (PA) (1); polystyrene (PS) (1); polyethylene (PE) (1); polyvinyl chloride (PVC) (1),MERGE,WP03,多聚合物混合废塑料,Mixed multi-polymer waste
ENT_4595bf1d8fc9a880,rape straw and ABS waste plastics,1,1,0,0,,MERGE,WP23,一次性塑料制品,Single-use plastic products
ENT_da4f5d0b0a1d2ea4,raw feedstock,1,1,0,3,polyolefins (1); polyethylene (PE) (1); polypropylene (PP) (1),DROP,,,过度泛化，无法支持有效分类分析
ENT_9b9b810f781d2b3f,raw polymer,1,1,0,0,,MERGE,WP35,特定场景/专用塑料废弃物,Specific-context plastic waste
ENT_ff4de52c06272d13,real LDPE,1,1,1,1,low-density polyethylene (LDPE) (1),MERGE,WP01,单一聚合物废塑料样品,Single-polymer waste plastic
ENT_aa3be9a6c877222b,real PP,1,1,1,1,polypropylene (PP) (1),MERGE,WP01,单一聚合物废塑料样品,Single-polymer waste plastic
ENT_48c09d46bfc16bb9,real flexible packaging plastic waste,1,1,0,0,,MERGE,WP08,包装废塑料,Packaging plastic waste
ENT_12aca63246f19344,real mixed polyolefins,1,1,0,1,polyolefins (1),MERGE,WP02,混合聚烯烃废塑料,Mixed polyolefin waste
ENT_909a7dc20205a4f0,real plastic waste fractions (RDF 2),1,1,0,2,polyamide 6 (PA6) (1); polyethylene (PE) (1),MERGE,WP29,RDF/SRF/分选残余塑料,RDF/SRF/sorting-residue plastics
ENT_1d139ce78418780b,real plastics,1,1,0,5,low-density polyethylene (LDPE) (1); high-density polyethylene (HDPE) (1); polypropylene (PP) (1); polystyrene (PS) (1); polyethylene terephthalate (PET) (1),MERGE,WP03,多聚合物混合废塑料,Mixed multi-polymer waste
ENT_1a14bc4670cfd461,real waste PE/PVC mixture,1,1,1,2,polyethylene (PE) (1); polyvinyl chloride (PVC) (1),MERGE,WP03,多聚合物混合废塑料,Mixed multi-polymer waste
ENT_d6130e6356fff438,real-world PVC waste,1,1,1,1,polyvinyl chloride (PVC) (1),MERGE,WP01,单一聚合物废塑料样品,Single-polymer waste plastic
ENT_a12203db4f14000a,real-world plastic bags,1,1,0,0,,MERGE,WP11,袋/薄膜类废塑料,Bag/film plastic waste
ENT_d5c04621b0a1f479,reclaimed plastic bottles,1,1,1,1,polyethylene terephthalate (PET) (1),MERGE,WP10,饮料瓶/容器废塑料,Bottle/container plastic waste
ENT_4849fba6056768c1,recyclable high-density polyethylene grocery bags,1,1,0,1,high-density polyethylene (HDPE) (1),MERGE,WP11,袋/薄膜类废塑料,Bag/film plastic waste
ENT_033665052ce72f1e,recycled HDPE pellets,1,1,0,1,high-density polyethylene (HDPE) (1),MERGE,WP30,回收/再生/返工塑料,Recycled/reworked plastic
ENT_49c39e0985d53747,recycled PP chips,1,1,0,1,polypropylene (PP) (1),MERGE,WP30,回收/再生/返工塑料,Recycled/reworked plastic
ENT_75bf587a41baa387,recycled polypropylene and polystyrene mixtures,1,1,0,2,polypropylene (PP) (1); polystyrene (PS) (1),MERGE,WP30,回收/再生/返工塑料,Recycled/reworked plastic
ENT_9c317ef73458afda,recycled polystyrene waste,1,1,0,1,polystyrene (PS) (1),MERGE,WP30,回收/再生/返工塑料,Recycled/reworked plastic
ENT_00da127522fbeaac,refuse derived fuel (RDF 1),1,1,0,2,polyethylene (PE) (1); polystyrene (PS) (1),MERGE,WP29,RDF/SRF/分选残余塑料,RDF/SRF/sorting-residue plastics
ENT_e954d036f836b29e,refuse derived fuel (RDF 2),1,1,0,5,polyethylene (PE) (1); polypropylene (PP) (1); polystyrene (PS) (1); polyvinyl chloride (PVC) (1); polyethylene terephthalate (PET) (1),MERGE,WP29,RDF/SRF/分选残余塑料,RDF/SRF/sorting-residue plastics
ENT_851279aa574fa31f,rejects of packaging waste sorting plants,1,1,0,7,low-density polyethylene (LDPE) (1); high-density polyethylene (HDPE) (1); polypropylene (PP) (1); polyvinyl chloride (PVC) (1); polyethylene terephthalate (PET) (1); polystyrene (PS) (1),MERGE,WP08,包装废塑料,Packaging plastic waste
ENT_e9489370d39a5e1f,reused polypropylene (PP),1,1,0,1,polypropylene (PP) (1),MERGE,WP01,单一聚合物废塑料样品,Single-polymer waste plastic
ENT_e95884ca9d3e6356,rigid polyurethane foam insulators (IS1),1,1,1,1,polyurethane (PU) (1),MERGE,WP21,泡沫/保温塑料废弃物,Foam/insulation plastic waste
ENT_80f6e50464eb4c34,rigid polyurethane foam insulators (IS2),1,1,1,1,polyurethane (PU) (1),MERGE,WP21,泡沫/保温塑料废弃物,Foam/insulation plastic waste
ENT_3c131c5f41901a9a,rusty wastes,1,1,1,1,polyethylene (PE) (1),MERGE,WP01,单一聚合物废塑料样品,Single-polymer waste plastic
ENT_036927d59d388b3e,sample vials,1,1,0,0,,MERGE,WP10,饮料瓶/容器废塑料,Bottle/container plastic waste
ENT_ade967266e1072f2,scrap PET bottles,1,1,1,1,polyethylene terephthalate (PET) (1),MERGE,WP10,饮料瓶/容器废塑料,Bottle/container plastic waste
ENT_2fa36e7aef27971b,shampoo bottles,1,1,0,1,polyethylene (PE) (1),MERGE,WP10,饮料瓶/容器废塑料,Bottle/container plastic waste
ENT_a5967cea1c27c6ab,shredded and crashed polyethylene waste from Hungarian agricultural sector,1,1,0,1,high-density polyethylene (HDPE) (1),MERGE,WP12,农业膜/农业废塑料,Agricultural plastic waste
ENT_be502f9dda499791,shredded plastic pellets,1,1,0,0,,MERGE,WP31,颗粒/粉末/片料/碎料,Pellet/powder/flake/shredded plastic
ENT_742f2fc7b9827704,shredded real waste HDPE/PP/LDPE mixture,1,1,0,3,high-density polyethylene (HDPE) (1); polypropylene (PP) (1); low-density polyethylene (LDPE) (1),MERGE,WP31,颗粒/粉末/片料/碎料,Pellet/powder/flake/shredded plastic
ENT_70983bd5929a7fc9,simulated MSW mixture,1,1,0,5,polyethylene (PE) (1); polypropylene (PP) (1); polyethylene terephthalate (PET) (1); polystyrene (PS) (1); polyvinyl chloride (PVC) (1),MERGE,WP03,多聚合物混合废塑料,Mixed multi-polymer waste
ENT_8a685788b81d4457,simulated urban plastic waste,1,1,0,3,polyethylene (PE) (1); polypropylene (PP) (1); polystyrene (PS) (1),MERGE,WP04,城市生活/市政废塑料,Municipal plastic waste
ENT_54f4c862e178ae1c,single-use polyethylene,1,1,0,0,,MERGE,WP23,一次性塑料制品,Single-use plastic products
ENT_8e339cd58d764ab2,sludge-based microplastics,1,1,1,0,,MERGE,WP28,微塑料/塑料碎片,Microplastic/plastic fragments
ENT_5efb3864bb1193b6,small microplastic waste,1,1,0,0,,MERGE,WP28,微塑料/塑料碎片,Microplastic/plastic fragments
ENT_0c63fef562c308b3,smartphone case,1,1,1,1,polyurethane (PU) (1),MERGE,WP01,单一聚合物废塑料样品,Single-polymer waste plastic
ENT_f1f36b5d34f182a6,soft MPO fraction,1,1,1,2,polypropylene (PP) (1); low-density polyethylene (LDPE) (1),MERGE,WP02,混合聚烯烃废塑料,Mixed polyolefin waste
ENT_7b3348c364862d9a,soil,1,1,1,1,polyethylene (PE) (1),MERGE,WP01,单一聚合物废塑料样品,Single-polymer waste plastic
ENT_9717640ee8620b71,sorting residues from foil separation systems (RDF),1,1,0,1,polyolefins (1),MERGE,WP29,RDF/SRF/分选残余塑料,RDF/SRF/sorting-residue plastics
ENT_579ef0f04369fad5,spent cation exchange resins,1,1,1,1,polystyrene (PS) (1),MERGE,WP01,单一聚合物废塑料样品,Single-polymer waste plastic
ENT_aa2c66b216916418,spent ion exchange resins of RO plant,1,1,1,1,ion-exchange resin (1),MERGE,WP01,单一聚合物废塑料样品,Single-polymer waste plastic
ENT_dd4d1a47122e1812,sponge,1,1,1,1,polyurethane (PU) (1),MERGE,WP01,单一聚合物废塑料样品,Single-polymer waste plastic
ENT_f60161025dd29575,spoon/knife/pork,1,1,1,1,polystyrene (PS) (1),MERGE,WP01,单一聚合物废塑料样品,Single-polymer waste plastic
ENT_9c5c045312c5241f,straw (colour/colourless),1,1,1,1,polystyrene (PS) (1),MERGE,WP23,一次性塑料制品,Single-use plastic products
ENT_663c8971cc265a2e,styrene-based polymers,1,1,0,0,,MERGE,WP35,特定场景/专用塑料废弃物,Specific-context plastic waste
ENT_e411547fef6ee182,styrene-butadiene rubber waste,1,1,0,1,styrene-butadiene rubber (SBR) (1),MERGE,WP01,单一聚合物废塑料样品,Single-polymer waste plastic
ENT_077490a3f03961a3,styrenic plastics,1,1,0,1,polystyrene (PS) (1),MERGE,WP01,单一聚合物废塑料样品,Single-polymer waste plastic
ENT_92f7f46bfd308c25,sulfonated polystyrene spheres,1,1,1,1,polystyrene (PS) (1),MERGE,WP01,单一聚合物废塑料样品,Single-polymer waste plastic
ENT_63230cc350b1abb4,supermarket shopping bag,1,1,0,1,polyethylene (PE) (1),MERGE,WP11,袋/薄膜类废塑料,Bag/film plastic waste
ENT_9d7c92ac4d829368,suspension polyvinyl chloride SG-5 (PVC),1,1,1,4,high-density polyethylene (HDPE) (1); polyvinyl chloride (PVC) (1); polystyrene (PS) (1); polypropylene (PP) (1),MERGE,WP03,多聚合物混合废塑料,Mixed multi-polymer waste
ENT_5e93b22f5005d537,synthetic fibers,1,1,0,0,,MERGE,WP20,纺织/纤维/地毯塑料废弃物,Textile/fibre/carpet plastic waste
ENT_1e5f3a7376144e72,ternary mixture HDPE/PP/PS,1,1,1,3,high-density polyethylene (HDPE) (1); polypropylene (PP) (1); polystyrene (PS) (1),MERGE,WP02,混合聚烯烃废塑料,Mixed polyolefin waste
ENT_2ca22452f8b3201d,thermoplastic elastomer waste,1,1,0,0,,MERGE,WP01,单一聚合物废塑料样品,Single-polymer waste plastic
ENT_ed4172e55a85134f,thermoset plastics,1,1,0,0,,MERGE,WP01,单一聚合物废塑料样品,Single-polymer waste plastic
ENT_089616b8d168cb4b,thermosetting polymers,1,1,0,2,polyurethane (PU) (1); epoxy resin (1),MERGE,WP03,多聚合物混合废塑料,Mixed multi-polymer waste
ENT_605724a7fa11a814,tubing,1,1,1,2,polyvinyl chloride (PVC) (1); high-density polyethylene (HDPE) (1),MERGE,WP03,多聚合物混合废塑料,Mixed multi-polymer waste
ENT_8d1eba16e908c9d2,twine,1,1,0,1,polypropylene (PP) (1),MERGE,WP01,单一聚合物废塑料样品,Single-polymer waste plastic
ENT_6261c5c016c41525,two types of linear LDPE waste,1,1,0,1,low-density polyethylene (LDPE) (1),MERGE,WP01,单一聚合物废塑料样品,Single-polymer waste plastic
ENT_55cd265677b84374,typical polymer waste,1,1,0,4,polypropylene (PP) (1); polyethylene (PE) (1); polyethylene terephthalate (PET) (1); polyvinyl chloride (PVC) (1),MERGE,WP03,多聚合物混合废塑料,Mixed multi-polymer waste
ENT_9c7b60d4b4fa7afb,"unsorted municipal plastics composed of PE, PP, and PS",1,1,0,3,polyethylene (PE) (1); polypropylene (PP) (1); polystyrene (PS) (1),MERGE,WP04,城市生活/市政废塑料,Municipal plastic waste
ENT_c92fb9489abfd82d,untreated HDPE,1,1,1,1,high-density polyethylene (HDPE) (1),MERGE,WP01,单一聚合物废塑料样品,Single-polymer waste plastic
ENT_8ee9c71815d5a7d9,unused PLA,1,1,0,1,polylactic acid (PLA) (1),MERGE,WP01,单一聚合物废塑料样品,Single-polymer waste plastic
ENT_49cbffa00eae8700,unwashed PO-rich stream,1,1,0,0,,MERGE,WP35,特定场景/专用塑料废弃物,Specific-context plastic waste
ENT_ceef28d878e1a261,urban household waste plastics,1,1,0,3,polypropylene (PP) (1); polyethylene (PE) (1); polystyrene (PS) (1),MERGE,WP05,家庭/居民废塑料,Household/residential plastic waste
ENT_eefc852823f44b41,urban residue,1,1,0,1,polyolefins (1),MERGE,WP01,单一聚合物废塑料样品,Single-polymer waste plastic
ENT_aa20e261551da729,urban solid plastic LDPE,1,1,0,1,low-density polyethylene (LDPE) (1),MERGE,WP01,单一聚合物废塑料样品,Single-polymer waste plastic
ENT_2aa3d60221604a89,used disposable syringes,1,1,0,1,polypropylene (PP) (1),MERGE,WP16,医疗/PPE废塑料,Medical/PPE plastic waste
ENT_085a5f7a093cecc2,used plastic,1,1,1,2,low-density polyethylene (LDPE) (1); polypropylene (PP) (1),MERGE,WP02,混合聚烯烃废塑料,Mixed polyolefin waste
ENT_16dbf7b2f3b2d048,various single plastic wastes,1,1,0,3,low-density polyethylene (LDPE) (1); high-density polyethylene (HDPE) (1); polystyrene (PS) (1),MERGE,WP03,多聚合物混合废塑料,Mixed multi-polymer waste
ENT_eda4997732507efa,virgin HDPE pellets,1,1,0,0,,MERGE,WP31,颗粒/粉末/片料/碎料,Pellet/powder/flake/shredded plastic
ENT_da4843d344d00afc,virgin PP pellets,1,1,0,0,,MERGE,WP31,颗粒/粉末/片料/碎料,Pellet/powder/flake/shredded plastic
ENT_4321846480caa204,virgin plastic,1,1,1,2,polyethylene (PE) (1); polypropylene (PP) (1),MERGE,WP02,混合聚烯烃废塑料,Mixed polyolefin waste
ENT_842c1848611c4a0b,virgin polyolefins,1,1,0,3,high-density polyethylene (HDPE) (1); low-density polyethylene (LDPE) (1); polypropylene (PP) (1),MERGE,WP02,混合聚烯烃废塑料,Mixed polyolefin waste
ENT_a36d002cceb4b718,wLDPE,1,1,1,4,polypropylene (PP) (1); low-density polyethylene (LDPE) (1); high-density polyethylene (HDPE) (1); polystyrene (PS) (1),MERGE,WP03,多聚合物混合废塑料,Mixed multi-polymer waste
ENT_d52bc07422eab0e2,wMP,1,1,1,5,low-density polyethylene (LDPE) (1); high-density polyethylene (HDPE) (1); polypropylene (PP) (1); polyvinyl chloride (PVC) (1); polystyrene (PS) (1),MERGE,WP03,多聚合物混合废塑料,Mixed multi-polymer waste
ENT_915f2f97645eab7e,"wMP (35 LDPE, 32 HDPE, 24 PP, 4 PVC, 3 ethylene-propylene dimers, and 2 PS)",1,1,0,5,low-density polyethylene (LDPE) (1); high-density polyethylene (HDPE) (1); polypropylene (PP) (1); polyvinyl chloride (PVC) (1); polystyrene (PS) (1),MERGE,WP03,多聚合物混合废塑料,Mixed multi-polymer waste
ENT_fb9b877ede067419,"wMP (LDPE, PP, and PVC)",1,1,0,3,low-density polyethylene (LDPE) (1); polypropylene (PP) (1); polyvinyl chloride (PVC) (1),MERGE,WP03,多聚合物混合废塑料,Mixed multi-polymer waste
ENT_4119ea8d1403be95,wPET bottles,1,1,0,1,polyethylene terephthalate (PET) (1),MERGE,WP10,饮料瓶/容器废塑料,Bottle/container plastic waste
ENT_626b24b5f6c6bfea,waste HDPE bottles,1,1,0,1,high-density polyethylene (HDPE) (1),MERGE,WP10,饮料瓶/容器废塑料,Bottle/container plastic waste
ENT_6d499ade423a5199,waste LD-PE,1,1,0,1,low-density polyethylene (LDPE) (1),MERGE,WP01,单一聚合物废塑料样品,Single-polymer waste plastic
ENT_43fab8118c032803,waste PEs,1,1,1,1,polyethylene (PE) (1),MERGE,WP01,单一聚合物废塑料样品,Single-polymer waste plastic
ENT_953efd0e7b2d60fe,waste PO,1,1,0,0,,MERGE,WP35,特定场景/专用塑料废弃物,Specific-context plastic waste
ENT_02b24e803a0eec41,waste PP from food packaging,1,1,0,1,polypropylene (PP) (1),MERGE,WP09,食品包装/餐饮废塑料,Food-packaging/food-service plastic waste
ENT_85348ba201d5fdd6,waste agricultural polyvinyl chloride film,1,1,0,1,polyvinyl chloride (PVC) (1),MERGE,WP12,农业膜/农业废塑料,Agricultural plastic waste
ENT_d919a73a37599f3b,waste commercial CDs,1,1,1,2,polycarbonate (PC) (1); polystyrene (PS) (1),MERGE,WP03,多聚合物混合废塑料,Mixed multi-polymer waste
ENT_ccadb56479b80f7c,waste compostable bioplastics bags,1,1,0,1,polylactic acid (PLA) (1),MERGE,WP11,袋/薄膜类废塑料,Bag/film plastic waste
ENT_69fbb5ec56146f0a,waste consumer plastic bottles,1,1,0,0,,MERGE,WP10,饮料瓶/容器废塑料,Bottle/container plastic waste
ENT_c9f1f5d8f1329f4a,waste from plastic industry,1,1,1,1,polypropylene (PP) (1),MERGE,WP01,单一聚合物废塑料样品,Single-polymer waste plastic
ENT_cf1893c97960170a,"waste mixture of LDPE, PP, and PVC",1,1,1,3,low-density polyethylene (LDPE) (1); polypropylene (PP) (1); polyvinyl chloride (PVC) (1),MERGE,WP03,多聚合物混合废塑料,Mixed multi-polymer waste
ENT_7fc1df4e1d531145,waste packaging plastic particles,1,1,0,1,polyethylene (PE) (1),MERGE,WP08,包装废塑料,Packaging plastic waste
ENT_2387bcbcae425f1f,waste panel,1,1,1,1,polypropylene (PP) (1),MERGE,WP01,单一聚合物废塑料样品,Single-polymer waste plastic
ENT_1131ed5126eaf26e,"waste plastic (mixture of PP, LDPE and HDPE)",1,1,0,3,polypropylene (PP) (1); low-density polyethylene (LDPE) (1); high-density polyethylene (HDPE) (1),MERGE,WP02,混合聚烯烃废塑料,Mixed polyolefin waste
ENT_162c3517e9c150d0,"waste plastic bags, agricultural film",1,1,0,1,polyethylene (PE) (1),MERGE,WP12,农业膜/农业废塑料,Agricultural plastic waste
ENT_31b8d575fac7bd9c,waste plastic films from food storage applications,1,1,0,0,,MERGE,WP11,袋/薄膜类废塑料,Bag/film plastic waste
ENT_84d226eb3e23a161,waste plastic in MSW,1,1,0,6,polyethylene terephthalate (PET) (1); high-density polyethylene (HDPE) (1); low-density polyethylene (LDPE) (1); polyvinyl chloride (PVC) (1); polypropylene (PP) (1); polystyrene (PS) (1),MERGE,WP03,多聚合物混合废塑料,Mixed multi-polymer waste
ENT_1f17dea1c97cb197,waste plastic rubbish,1,1,0,4,polyethylene (PE) (1); polypropylene (PP) (1); polystyrene (PS) (1); polyvinyl chloride (PVC) (1),MERGE,WP03,多聚合物混合废塑料,Mixed multi-polymer waste
ENT_75b726339f8689b3,waste plastics (~40 wt% HDPE + 27 wt% LDPE + 33 wt% PP),1,1,1,3,high-density polyethylene (HDPE) (1); low-density polyethylene (LDPE) (1); polypropylene (PP) (1),MERGE,WP02,混合聚烯烃废塑料,Mixed polyolefin waste
ENT_5a049e6418d0e82a,waste plastics and waste cooking oil,1,1,0,0,,DROP,,,油/蜡/衍生液体，不属于WastePlastic
ENT_784df1d719a507d6,waste plastics from packaging,1,1,0,4,polyethylene (PE) (1); polypropylene (PP) (1); polystyrene (PS) (1); polyvinyl chloride (PVC) (1),MERGE,WP08,包装废塑料,Packaging plastic waste
ENT_833632eddd0963eb,waste plastics from standard yellow containers,1,1,0,6,polyethylene terephthalate (PET) (1); high-density polyethylene (HDPE) (1); low-density polyethylene (LDPE) (1); polypropylene (PP) (1); polystyrene (PS) (1); polyvinyl chloride (PVC) (1),MERGE,WP10,饮料瓶/容器废塑料,Bottle/container plastic waste
ENT_c4211a73c4119e73,waste plastics from the polyolefin group,1,1,0,3,polyethylene (PE) (1); polypropylene (PP) (1); polystyrene (PS) (1),MERGE,WP03,多聚合物混合废塑料,Mixed multi-polymer waste
ENT_c7965042f90f428e,waste polyester-coated magnet wire,1,1,1,2,polyvinyl chloride (PVC) (1); polyester (1),MERGE,WP03,多聚合物混合废塑料,Mixed multi-polymer waste
ENT_04c10c20a1101c0d,waste polyester/cotton blended fabrics,1,1,1,1,polyester (1),MERGE,WP20,纺织/纤维/地毯塑料废弃物,Textile/fibre/carpet plastic waste
ENT_92026b4732a0b7f1,waste polymers which contained a high proportion of polyethylene,1,1,0,1,polyethylene (PE) (1),MERGE,WP01,单一聚合物废塑料样品,Single-polymer waste plastic
ENT_7f9a3d7bd6afb704,waste polystyrene (WPS-1),1,1,1,1,polystyrene (PS) (1),MERGE,WP01,单一聚合物废塑料样品,Single-polymer waste plastic
ENT_95969dc8d776e006,waste polystyrene (WPS-3),1,1,1,1,polystyrene (PS) (1),MERGE,WP01,单一聚合物废塑料样品,Single-polymer waste plastic
ENT_50c0c195ee0e9479,waste polystyrene food takeout containers,1,1,0,1,polystyrene (PS) (1),MERGE,WP10,饮料瓶/容器废塑料,Bottle/container plastic waste
ENT_dd242d7b2c76f3ce,waste rubber gloves,1,1,0,0,,DROP,,,轮胎/橡胶原料，不属于WastePlastic
ENT_f6307919d9d453f1,waste rubber/lubricants,1,1,0,0,,DROP,,,轮胎/橡胶原料，不属于WastePlastic
ENT_a4a5b734aee5924c,waste thermoplastic polymers,1,1,0,4,polyolefins (1); polyethylene (PE) (1); polypropylene (PP) (1); polystyrene (PS) (1),MERGE,WP03,多聚合物混合废塑料,Mixed multi-polymer waste
ENT_c542a72e1dc75d61,wastewater bottles,1,1,1,2,polyethylene terephthalate (PET) (1); high-density polyethylene (HDPE) (1),MERGE,WP10,饮料瓶/容器废塑料,Bottle/container plastic waste
ENT_83733c1b9b0ab80b,water sachets composed of LDPE,1,1,0,1,low-density polyethylene (LDPE) (1),MERGE,WP01,单一聚合物废塑料样品,Single-polymer waste plastic
ENT_a35308f43c39771a,weighing boat (HIPS),1,1,1,2,polystyrene (PS) (1); polybutadiene (BR) (1),MERGE,WP03,多聚合物混合废塑料,Mixed multi-polymer waste
ENT_d7951b7924721be5,wood sawdust,1,1,1,1,high-density polyethylene (HDPE) (1),DROP,,,生物质/煤/无机物，不属于WastePlastic
